nf_timestamp,emit_lat,emit_long,prod_quant,prod_valor_unit,anomaly_score,idx
0.875540617557526,-25.7128774116532,-5.927140747167439,5.811140992976701,6.97709475706075,4.751360334570571,70971
0.2132383729383704,-42.02342287652491,-3.25095987033482,8.689632748355741,4.162158961805957,3.556438094099889,46590
0.9465270866550526,-13.359619327355812,-8.732131177283703,4.61512051684126,2.9444389791664403,3.4959090924897382,57460
0.8792154994780148,-10.062347415224275,-1.6617074474481106,5.700443573390687,1.128171090909654,3.399287905829084,42872
0.5143265207870371,-8.328041897137265,-7.680590232688647,7.0707241072602764,1.3532545070416904,3.3381193342763074,63269
0.5497958941233279,-25.333011408981186,-5.93069420497074,4.727387818712341,5.407171771460119,3.221199398027896,72162
0.1405642334588677,-42.02342287652491,-3.25095987033482,3.218875824868201,7.363729707583944,3.0498843192517566,46601
0.7267098137785482,-8.328041897137265,-7.680590232688647,8.160803920954665,3.6858749450936377,3.0273843429097704,63279
0.316958565642544,-10.062347415224275,-1.6617074474481106,5.017279836814924,0.9162907318741552,2.964312523336689,43037
0.7974187527310406,-57.87290533736288,-7.375064999303015,8.294299608857235,0.2231435513142097,2.9287834509732114,62325
0.0619562123783126,-57.87290533736288,-7.375064999303015,4.61512051684126,3.912023005428146,2.821605970271973,62293
0.0619562123783126,-57.87290533736288,-7.375064999303015,4.61512051684126,3.9116229254068062,2.8215319723763836,62294
0.103625928154905,-8.328041897137265,-7.680590232688647,2.3978952727983707,4.127779338308338,2.8008230001743177,63305
0.0619562123783126,-57.87290533736288,-7.375064999303015,4.61512051684126,3.80666248977032,2.777806779875195,62292
0.9885336666076938,-57.87290533736288,-7.375064999303015,4.61512051684126,3.8684890034044175,2.7493265433330585,62300
0.0619562123783126,-57.87290533736288,-7.375064999303015,4.61512051684126,3.7612001156935615,2.743342866836301,62295
0.35168192518897,-33.609265098944185,-3.535234898436156,12.206077645517674,0.2231435513142097,2.702581117309872,62178
0.062390690605369,-57.87290533736288,-7.375064999303015,4.61512051684126,3.6883793290722537,2.6887088463922297,62302
0.3490582764178498,9.360961229502774,-1.1725899535374713,4.30406509320417,8.914760527397261,2.669884069006319,46906
0.3491003844398577,9.360961229502774,-1.1725899535374713,4.30406509320417,8.914760527397261,2.6698820414465483,47068
0.2005030887829093,-8.328041897137265,-7.680590232688647,1.791759469228055,4.268297869345539,2.6525591835625346,63333
0.1587413414582243,0.0,0.0,7.601402334583733,5.734828843061527,2.627761756158883,19564
0.6631056465390088,-57.87290533736288,-7.375064999303015,8.006700845440367,0.3987761199573678,2.614923570615045,62307
0.062390690605369,-57.87290533736288,-7.375064999303015,4.61512051684126,3.580737295494233,2.609747632870988,62301
0.1367549567681365,-34.01745597963545,-3.577181396117639,0.6931471805599453,5.4638318050256105,2.580342753482969,40621
0.3014798162533481,-34.01745597963545,-3.577181396117639,0.6931471805599453,5.4638318050256105,2.5649267697530393,40626
0.3014907579590655,-34.01745597963545,-3.577181396117639,0.6931471805599453,5.4638318050256105,2.5649260940550995,40615
0.3409371701737598,-33.405357321296485,-3.565439178919587,2.302585092994046,6.042632833682381,2.5042086289170795,76340
0.0619562123783126,-57.87290533736288,-7.375064999303015,4.61512051684126,3.401530659452276,2.48319666485584,62296
0.6035993554410197,-2.166338536005922,-12.403486188401866,9.90353755128617,0.048790164169432,2.465057050847269,65203
0.1808022764872632,-25.333011408981186,-5.93069420497074,1.6094379124341005,7.418564902620126,2.4569808274388554,72084
0.1809668805732869,-25.333011408981186,-5.93069420497074,1.6094379124341005,7.418564902620126,2.4569612975901856,72229
0.6633927466890484,-8.328041897137265,-7.680590232688647,0.6931471805599453,9.049584593096789,2.4341746685518593,63260
0.4399905499390613,-53.06481957993024,-7.910662847462516,1.0986122886681098,5.633717600207914,2.4224510591375927,65070
0.2551673401504502,-40.75116703158868,-4.8525738659882895,0.6931471805599453,7.423854970370819,2.35868270334275,74046
0.2555540002525163,-40.75116703158868,-4.8525738659882895,0.6931471805599453,7.423854970370819,2.3586255879477673,74126
0.76314362031885,-34.13929180035904,-3.6894437052830544,6.2166061010848646,2.9856819377004897,2.3382349978367563,47644
0.9907639243732262,-54.679087677994914,-7.269961968757068,6.2166061010848646,1.075002423028976,2.3289724483602883,76343
0.1653696864221956,-2.23378619740187,0.4399689759124834,1.0986122886681098,9.36410554893533,2.3166785173661433,44440
0.2327211486200724,-48.770660645029245,-5.93867648295068,3.4339872044851463,1.840549633397487,2.3149997116095604,72320
0.2005030887829093,-8.328041897137265,-7.680590232688647,2.9444389791664403,4.925803358579558,2.289985269785159,63334
0.1587413414582243,0.0,0.0,9.61587214452889,3.150596984114906,2.2879946135893134,19569
0.9701688270102268,-43.51449181986202,-4.722266402436673,11.83065893676428,0.7419373447293773,2.26980841662711,56995
0.9105859758722304,-8.328041897137265,-7.680590232688647,3.044522437723423,4.705015520957808,2.247500217668618,63291
0.7267078997775442,-8.328041897137265,-7.680590232688647,2.3978952727983707,9.049584593096789,2.2418594280093864,63261
0.1587413414582243,0.0,0.0,10.59665973278358,2.225704048658088,2.239797756233862,19558
0.8317865546916536,-8.328041897137265,-7.680590232688647,2.302585092994046,9.049584593096789,2.239748213459926,63310
0.8203599687201191,-8.328041897137265,-7.680590232688647,3.044522437723423,4.705015520957808,2.232948192678153,63297
0.5497260330868201,-25.333011408981186,-5.93069420497074,3.713572066704308,5.407171771460119,2.2208335595454956,72071
0.8318248347116537,-8.328041897137265,-7.680590232688647,2.19722457733622,9.049584593096789,2.2195486709721006,63317
0.8317865546916536,-8.328041897137265,-7.680590232688647,2.19722457733622,9.049584593096789,2.2195402816012844,63299
0.6438290406650538,-34.13929180035904,-3.6894437052830544,8.006700845440367,2.2375130962503307,2.2078902464691375,47690
0.8874839837991289,26.911774153234024,-10.993496611346034,0.6931471805599453,2.302585092994046,2.2044519316129834,72014
0.8433854007532062,12.82210487089851,-8.345485660958676,4.912654885736052,2.533696813957432,2.2019771056526127,74317
0.1472747209657683,-57.87290533736288,-7.375064999303015,4.61512051684126,2.995732273553991,2.198212257228325,62284
0.4735544714795665,9.360961229502774,-1.1725899535374713,3.784189633918261,8.695587044872212,2.1949285785732537,46907
0.8433854007532062,12.82210487089851,-8.345485660958676,1.0986122886681098,4.553982149218658,2.1903119751269644,74323
0.3676891621543561,9.360961229502774,-1.1725899535374713,3.218875824868201,8.914760527397261,2.1866286276390974,47163
0.968295020030972,-35.190491703058406,-6.570637571335191,1.0986122886681098,3.258096538021482,2.1836734592037597,74348
0.4727008270334494,-8.328041897137265,-7.680590232688647,7.313886831633462,3.6858749450936377,2.1834507069300333,63308
0.062390690605369,-57.87290533736288,-7.375064999303015,3.9318256327243257,3.637849283001157,2.1760446103847984,62304
0.1472881189727672,-57.87290533736288,-7.375064999303015,3.828641396489095,2.70805020110221,2.165552432042702,62288
0.6682236852136967,-8.328041897137265,-7.680590232688647,3.044522437723423,4.446174454497633,2.1599397295894414,63286
0.9143412458347342,-57.87290533736288,-7.375064999303015,7.601402334583733,0.7080357930536961,2.157572170599601,62291
0.3787482599338361,-8.328041897137265,-7.680590232688647,7.280008252884188,3.6858749450936377,2.153616361174069,63328
0.7974187527310406,-57.87290533736288,-7.375064999303015,7.601402334583733,0.7080357930536961,2.1520118026926744,62326
0.4399905499390613,-53.06481957993024,-7.910662847462516,0.6931471805599453,5.138441998583912,2.1462968508753613,65072
0.3595259478882582,-25.7128774116532,-5.927140747167439,0.6931471805599453,1.7613002617433464,2.143652714168422,70935
0.1472881189727672,-57.87290533736288,-7.375064999303015,4.61512051684126,2.8338014064077703,2.106147360926211,62287
0.8697507645317444,9.360961229502774,-1.1725899535374713,5.303304908059076,5.882263332064218,2.09283127934179,47333
0.1587413414582243,0.0,0.0,8.987321812850125,3.414113606928702,2.0924540292654505,19567
0.453198943241766,-54.64264950260678,-7.315481964954653,11.918397239722838,0.1133286853070032,2.0816557043993824,71968
0.4727008270334494,-8.328041897137265,-7.680590232688647,7.090909822079984,4.888090941338162,2.077810481192901,63307
0.9646565041294864,-10.062347415224275,-1.6617074474481106,2.772588722239781,0.8754687373538999,2.067542094718093,42941
0.4896301658807189,-8.328041897137265,-7.680590232688647,3.4339872044851463,5.196284640982885,2.0545309035371675,63285
0.4399905499390613,-53.06481957993024,-7.910662847462516,1.6094379124341005,1.3862943611198906,2.0515890260135414,65079
0.9548357649971706,3.8022158396961383,0.296637443287444,10.791399385808589,1.5151272329628591,2.046143325192446,41179
0.2132383729383704,-42.02342287652491,-3.25095987033482,7.427144133408616,2.8207834710894493,2.0401830463524804,46589
0.4071635187836548,-25.7128774116532,-5.927140747167439,1.0986122886681098,1.0152306797290584,2.03296346517695,70961
0.4071635187836548,-25.7128774116532,-5.927140747167439,0.6931471805599453,2.0228711901914416,2.0311903283519235,70955
0.4760054773604594,-39.020332402744245,-4.738681342380153,12.021554678392045,0.1222176327242491,2.029733917442483,73298
0.9500575253000604,-40.75116703158868,-4.8525738659882895,7.195937226475569,4.183575695950044,2.0295237714645213,74134
0.2030755061272557,-8.328041897137265,-7.680590232688647,3.4339872044851463,5.078916801512661,2.0167599761710555,63341
0.1976943242150497,3.8022158396961383,0.296637443287444,2.5649493574615367,7.972810784121404,2.0108809246384687,41412
0.2139530290118472,3.8022158396961383,0.296637443287444,2.5649493574615367,7.972810784121404,2.009010862526995,41809
0.2139652786182537,3.8022158396961383,0.296637443287444,2.5649493574615367,7.972810784121404,2.0090095025363994,41995
0.8899070133654021,-34.13929180035904,-3.6894437052830544,5.707110264748875,2.9274534328006965,1.9905110609878607,47573
0.8898887665558632,-34.13929180035904,-3.6894437052830544,5.707110264748875,2.9274534328006965,1.990505501536195,47695
0.5613056753383461,-34.01745597963545,-3.577181396117639,2.3978952727983707,5.739792912179234,1.9765968914259484,40616
0.8433854007532062,12.82210487089851,-8.345485660958676,1.3862943611198906,4.553982149218658,1.9737544387271218,74327
0.2004705507659068,-53.06481957993024,-7.910662847462516,0.6931471805599453,1.9095425048844383,1.9737439151710068,65066
0.1472881189727672,-57.87290533736288,-7.375064999303015,4.61512051684126,2.5641798306825083,1.972920764796701,62286
0.6654215877493215,-57.87290533736288,-7.375064999303015,7.313886831633462,0.688134638736401,1.9529297478554004,62319
0.1585642963656965,12.121765631391884,-3.970897071963189,0.6931471805599453,0.262364264467491,1.9405895435390124,70332
0.4071635187836548,-25.7128774116532,-5.927140747167439,0.6931471805599453,3.1962211343033946,1.9363242453749416,70964
0.8125000598125283,-34.13929180035904,-3.6894437052830544,1.791759469228055,1.81319474994812,1.9336567258306987,47626
0.2728599825966213,-53.06481957993024,-7.910662847462516,1.3862943611198906,5.138441998583912,1.9333852746112457,65109
0.8038057102688612,-34.13929180035904,-3.6894437052830544,1.791759469228055,1.81319474994812,1.9313091478649993,47645
0.5249107549183591,-25.7128774116532,-5.927140747167439,0.6931471805599453,2.360854001118021,1.93107685590838,70950
0.7404577001631907,-34.13929180035904,-3.6894437052830544,6.2166061010848646,2.19722457733622,1.9283376493744908,47544
0.3595259478882582,-25.7128774116532,-5.927140747167439,0.6931471805599453,2.4527277514237653,1.917947987414298,70940
0.2315175609910724,-43.51449181986202,-4.722266402436673,8.517393171418904,0.8586616190375188,1.9073776779662521,56968
0.2004705507659068,-53.06481957993024,-7.910662847462516,0.6931471805599453,2.004179057179289,1.9048412675774637,65065
0.5302811227249151,-42.02342287652491,-3.25095987033482,11.432918589988027,0.5187937934151676,1.9019105146923136,46597
0.8874839837991289,26.911774153234024,-10.993496611346034,1.6094379124341005,2.772588722239781,1.8988122912649812,72013
0.2635483677303725,-60.24900228008169,-7.3385641662833,1.0986122886681098,5.908626268798978,1.897551956849337,72296
0.9525330622937744,-42.02342287652491,-3.25095987033482,8.412054873292933,0.1310282624064042,1.8967684560965994,46594
0.5497097321783002,9.360961229502774,-1.1725899535374713,10.742054552499477,0.1043600153242428,1.892680939930157,47250
0.428338909349911,-25.333011408981186,-5.93069420497074,3.295836866004329,5.666426688112432,1.889862032308789,72100
0.666001530052398,-8.328041897137265,-7.680590232688647,5.899897353582492,2.3702437414678603,1.8819394729798609,63340
0.0709654150865262,-8.328041897137265,-7.680590232688647,2.5649493574615367,5.21112415484566,1.880414989186839,63288
0.1369619240762958,-54.64264950260678,-7.315481964954653,11.695255355062796,0.2700271372130602,1.8736658157694455,71971
0.3215362180348222,3.8022158396961383,0.296637443287444,0.6931471805599453,6.836431120728107,1.8688703036110759,41101
0.8433854007532062,12.82210487089851,-8.345485660958676,4.624972813284271,2.7427736371605955,1.8687377916174637,74319
0.4399905499390613,-53.06481957993024,-7.910662847462516,0.6931471805599453,1.9544450515051504,1.8642550981452333,65082
0.4455220128297981,-8.328041897137265,-7.680590232688647,2.5649493574615367,5.21112415484566,1.86297864506679,63325
0.8616265639860359,-54.64264950260678,-7.315481964954653,8.101980731853192,0.3074846997479605,1.8602523262548991,71967
0.4177378001097693,-34.13929180035904,-3.6894437052830544,7.090909822079984,1.8229350866965048,1.859259853107309,47542
0.9769846802721888,-40.75116703158868,-4.8525738659882895,6.90875477931522,4.8519521358677,1.8573036441300392,74098
0.4071635187836548,-25.7128774116532,-5.927140747167439,1.0986122886681098,1.667706820558076,1.8571259384215568,70954
0.0578793902477627,-33.609265098944185,-3.535234898436156,2.5649493574615367,2.19722457733622,1.8474882727570707,62261
0.3216260484817681,-14.900792201804506,-1.119933246691244,7.29505641646263,2.2049722641270453,1.8423493889909743,72558
0.2728599825966213,-53.06481957993024,-7.910662847462516,0.6931471805599453,4.664570529269539,1.828954331904247,65108
0.6636974237482676,-39.020332402744245,-4.738681342380153,9.305741456739437,1.541159071680806,1.8220561119747143,73299
0.6682236852136967,-8.328041897137265,-7.680590232688647,3.6635616461296463,5.104732617475372,1.8195231716874738,63287
0.9107570875616487,-34.13929180035904,-3.6894437052830544,6.90875477931522,1.6114359150967734,1.8170952266746065,47651
0.5314253444228854,-38.3949497436348,-4.237341895624427,9.61587214452889,0.1484200051182732,1.8103246632927716,71776
0.370935307850786,-57.87290533736288,-7.375064999303015,6.2166061010848646,3.131136910560194,1.8020444294934128,62316
0.3794383848944989,-34.01745597963545,-3.577181396117639,6.90875477931522,1.6937790608678511,1.7982567203208821,40624
0.3733530420142941,-42.02342287652491,-3.25095987033482,8.77971129020447,0.1310282624064042,1.793905767573795,46602
0.4399905499390613,-53.06481957993024,-7.910662847462516,1.0986122886681098,1.7950872593207297,1.7930692762090974,65086
0.815532092597067,-34.13929180035904,-3.6894437052830544,6.90875477931522,1.6114359150967734,1.7913998811488714,47571
0.1443752965505282,-54.64264950260678,-7.315481964954653,8.160803920954665,0.1823215567939546,1.790161585358552,71965
0.0709654150865262,-8.328041897137265,-7.680590232688647,3.4339872044851463,4.041295341132285,1.7898882490208365,63289
0.8141243767613986,-42.02342287652491,-3.25095987033482,8.537191877922927,0.506817602368452,1.7822882159404327,46606
0.8226165758994171,-2.23378619740187,0.4399689759124834,3.713572066704308,7.031211082909056,1.7772979947595584,46202
0.6035993554410197,-2.166338536005922,-12.403486188401866,9.210440366976515,0.048790164169432,1.7766018453811487,65219
0.6035993554410197,-2.166338536005922,-12.403486188401866,9.210440366976515,0.0582689081239758,1.7756907724398516,65218
0.2315175609910724,-43.51449181986202,-4.722266402436673,7.824445930877619,0.8586616190375188,1.766236787048317,56984
0.9693315791726818,-38.3949497436348,-4.237341895624427,9.210440366976515,1.1600209167967532,1.7658701601846944,71762
0.7927214752762382,-6.367931940994884,-0.0328092627819841,2.5649493574615367,2.5649493574615367,1.7623903019799172,68754
0.2380636996120841,-44.15485186434385,-6.035475342651856,4.110873864173311,0.6931471805599453,1.7557543861850762,56526
0.4399905499390613,-53.06481957993024,-7.910662847462516,0.6931471805599453,4.614724398792903,1.7399137174343013,65084
0.7587093266014904,-44.15485186434385,-6.035475342651856,0.6931471805599453,0.9707789171582248,1.7257098764581265,56390
0.2728599825966213,-53.06481957993024,-7.910662847462516,1.0986122886681098,4.799749640177548,1.725438999089825,65107
0.7563858569872437,-42.02342287652491,-3.25095987033482,8.922791623969637,0.1310282624064042,1.7223688363898055,46592
0.993986846857524,-34.13929180035904,-3.6894437052830544,4.394449154672439,3.013080911888604,1.717291173037808,47541
0.993712283414034,-34.13929180035904,-3.6894437052830544,4.394449154672439,3.013080911888604,1.717177585921571,47648
0.7452220314530322,-2.23378619740187,0.4399689759124834,8.73052880173936,2.995732273553991,1.7119631521275187,46196
0.4399905499390613,-53.06481957993024,-7.910662847462516,0.6931471805599453,4.573782712746459,1.7108350677642208,65075
0.7452220314530322,-2.23378619740187,0.4399689759124834,8.707813551024888,2.995732273553991,1.7083185124322495,46197
0.2549871050562586,-25.333011408981186,-5.93069420497074,4.77912349311153,3.218875824868201,1.7065097814150028,72117
0.4916111569159866,-53.06481957993024,-7.910662847462516,0.6931471805599453,4.586802528629907,1.7060998873689943,65098
0.2300169842068697,-36.990520689645,-3.9383897943468216,3.9318256327243257,1.864080130807681,1.6976281255700545,55112
0.2532498939483929,-34.13929180035904,-3.6894437052830544,3.044522437723423,2.31352503303238,1.6911945606329783,47538
0.1598573635414553,-16.911582873910223,-1.4283546734410195,3.80666248977032,2.772588722239781,1.6910531934834765,50878
0.5330117322519285,-44.15485186434385,-6.035475342651856,1.0986122886681098,0.9707789171582248,1.6898899282874484,56158
0.7452220314530322,-2.23378619740187,0.4399689759124834,8.381144346952961,2.995732273553991,1.6891463767543795,46198
0.3186807199425416,-34.13929180035904,-3.6894437052830544,3.044522437723423,2.31352503303238,1.6844524903115272,47586
0.3188236320172279,-34.13929180035904,-3.6894437052830544,3.044522437723423,2.31352503303238,1.6844405166669254,47611
0.2315175609910724,-43.51449181986202,-4.722266402436673,7.378383712996714,0.8586616190375188,1.6840212445448035,56989
0.2004705507659068,-53.06481957993024,-7.910662847462516,0.6931471805599453,2.3350522831315472,1.6837027496905552,65063
0.3165931509515758,-33.609265098944185,-3.535234898436156,1.6094379124341005,0.0582689081239758,1.678373780607568,62164
0.7036575857314489,-21.48235635766661,-2.1059691706443666,6.90875477931522,0.262364264467491,1.6777808262312912,64499
0.7974187527310406,-57.87290533736288,-7.375064999303015,5.303304908059076,2.883682769745368,1.6771093428311692,62323
0.6579710517556663,-41.57438046529097,-4.653868159067222,8.476579508530941,0.0676586484738148,1.6759928923454626,76300
0.8389713635464346,-64.46380226325768,-6.744972086656759,4.110873864173311,3.1780538303479458,1.6678532261639614,70844
0.0837662537762398,-21.48235635766661,-2.1059691706443666,3.332204510175204,0.1823215567939546,1.6641215911676315,64527
0.7927214752762382,-6.367931940994884,-0.0328092627819841,2.9444389791664403,2.772588722239781,1.6633381989084501,68756
0.8389713635464346,-64.46380226325768,-6.744972086656759,4.110873864173311,2.772588722239781,1.6603809052227212,70842
0.2011997851470042,0.0,0.0,12.611541086966117,0.0392207131532813,1.6567463828662847,7316
0.1653696864221956,26.911774153234024,-10.993496611346034,0.6931471805599453,2.818398258271076,1.654477377884399,72017
0.1780734852612013,-34.13929180035904,-3.6894437052830544,6.398594934535208,1.5933085305042167,1.6529042794243154,47665
0.9894619570928144,-41.864126045037445,-4.148677259749989,2.8903717578961645,3.6065842113871054,1.6526335131072845,40460
0.2300169842068697,-36.990520689645,-3.9383897943468216,3.9318256327243257,1.501852701754163,1.6516425033830373,55101
0.1571012021010815,-10.062347415224275,-1.6617074474481106,3.951243718581428,4.074481933125849,1.6516012693429367,42757
0.0578793902477627,-33.609265098944185,-3.535234898436156,3.8501476017100575,2.970414465569701,1.6453502678045413,62260
0.2315175609910724,-43.51449181986202,-4.722266402436673,7.313886831633462,0.8586616190375188,1.644244869817877,56964
0.2315175609910724,-43.51449181986202,-4.722266402436673,7.313886831633462,0.8586616190375188,1.644244869817877,56977
0.2783723054773617,0.0,0.0,12.611541086966117,0.0392207131532813,1.6424549053414985,7320
0.5677692567162111,-41.864126045037445,-4.148677259749989,3.4339872044851463,4.351438552905858,1.6359675983094877,40466
0.5302811227249151,-42.02342287652491,-3.25095987033482,11.0066063383421,1.1346227261911428,1.6358365001845343,46598
0.4399905499390613,-53.06481957993024,-7.910662847462516,0.6931471805599453,4.464297627106676,1.6355706738960236,65090
0.4700854084666304,-44.15485186434385,-6.035475342651856,1.9459101490553128,6.384080794347235,1.6286855403277436,56479
0.5665546954814786,-34.13929180035904,-3.6894437052830544,1.6094379124341005,0.048790164169432,1.6286706217669775,47561
0.4071635187836548,-25.7128774116532,-5.927140747167439,1.0986122886681098,3.4657359027997265,1.622541035389095,70959
0.4101838123620567,9.360961229502774,-1.1725899535374713,9.61587214452889,2.394252281519869,1.6219490602895708,46732
0.5249107549183591,-25.7128774116532,-5.927140747167439,4.110873864173311,2.360854001118021,1.615012968451365,70947
0.0124975971312437,-41.616763569915136,-3.3580358469825997,6.68586094706836,2.186051276738094,1.614082090256906,76455
0.4899428179441116,-39.020332402744245,-4.738681342380153,11.51293546492023,0.1484200051182732,1.6090834555480344,73152
0.968295020030972,-35.190491703058406,-6.570637571335191,3.713572066704308,1.0986122886681098,1.6089711930492994,74341
0.2420391753896709,-40.75116703158868,-4.8525738659882895,4.61512051684126,5.681877639268151,1.608594995544755,73995
0.9746227073378222,-53.06481957993024,-7.910662847462516,3.295836866004329,2.772588722239781,1.6079003666689364,65112
0.7026227172906303,-34.13929180035904,-3.6894437052830544,5.993961427306569,1.791759469228055,1.604226625921439,47661
0.5632975123792789,-39.020332402744245,-4.738681342380153,11.51293546492023,0.1484200051182732,1.6032198031626432,73281
0.9894619570928144,-41.864126045037445,-4.148677259749989,2.70805020110221,3.6130777406976544,1.602923988067183,40461
0.7067835959651063,-39.020332402744245,-4.738681342380153,11.51293546492023,0.1484200051182732,1.6014316669648445,73222
0.6574301231729791,-39.020332402744245,-4.738681342380153,11.51293546492023,0.1484200051182732,1.600596334186363,73375
0.7974187527310406,-57.87290533736288,-7.375064999303015,5.303304908059076,2.7656899805486246,1.5953717387875015,62324
0.4399905499390613,-53.06481957993024,-7.910662847462516,0.6931471805599453,2.3350522831315472,1.594888949260567,65076
0.8433854007532062,12.82210487089851,-8.345485660958676,4.262679877041316,2.533696813957432,1.592948556042265,74326
0.6465147668686129,-34.13929180035904,-3.6894437052830544,7.576097340623111,1.6253112615903906,1.5897034060937336,47614
0.5503537616148719,-35.190491703058406,-6.570637571335191,1.6094379124341005,2.550226115908643,1.5872304847391019,74368
0.8317578446766447,-8.328041897137265,-7.680590232688647,6.501289670540389,4.888090941338162,1.5829667986503397,63275
0.8317578446766447,-8.328041897137265,-7.680590232688647,6.501289670540389,4.888090941338162,1.5829667986503397,63280
0.8692894902906829,-21.48235635766661,-2.1059691706443666,6.68586094706836,0.1988508587451651,1.580812665596528,64338
0.7524320732210015,-10.062347415224275,-1.6617074474481106,3.367295829986474,5.633753352160868,1.5798372711569255,43397
0.2315175609910724,-43.51449181986202,-4.722266402436673,8.987321812850125,0.8586616190375188,1.578832537715099,56974
0.4102499729966311,-25.333011408981186,-5.93069420497074,4.61512051684126,2.995732273553991,1.5759554764057415,72201
0.4399905499390613,-53.06481957993024,-7.910662847462516,1.0986122886681098,4.6872108963243,1.5737380274800785,65071
0.9685495502639938,-42.02342287652491,-3.25095987033482,9.105090961257083,0.506817602368452,1.5734356027940615,46600
0.3156621170650169,-25.387773286315408,-5.858965744923943,1.0986122886681098,2.174751721484161,1.5721983152761028,71630
0.7026227172906303,-34.13929180035904,-3.6894437052830544,3.4339872044851463,2.6390573296152584,1.5697107795759304,47663
0.7846403078530244,-42.02342287652491,-3.25095987033482,9.210440366976515,0.1310282624064042,1.5693789797257895,46599
0.8433854007532062,12.82210487089851,-8.345485660958676,4.23410650459726,2.533696813957432,1.5669303418964793,74322
0.6631056465390088,-57.87290533736288,-7.375064999303015,5.707110264748875,2.883682769745368,1.5663745371936622,62309
0.8454831458494922,-36.990520689645,-3.9383897943468216,3.9318256327243257,1.9242486522741336,1.565712427451803,55056
0.357814735293978,-34.13929180035904,-3.6894437052830544,4.394449154672439,3.013080911888604,1.5651609829207855,47668
0.5259464208595972,-2.23378619740187,0.4399689759124834,5.25227342804663,4.812184355372417,1.5643035078270617,43997
0.4071635187836548,-25.7128774116532,-5.927140747167439,1.0986122886681098,3.2240623515555007,1.5621280243234401,70956
0.2573389018853049,-25.387773286315408,-5.858965744923943,3.9318256327243257,3.4339872044851463,1.5618970014626763,71639
0.1389075379930773,-44.15485186434385,-6.035475342651856,1.9459101490553128,6.254424787792515,1.5540199385216977,56236
0.5245893941504107,-44.7587094378665,-7.369163186735821,0.6931471805599453,3.970291913552122,1.5526309666292004,50890
0.1808022764872632,-25.333011408981186,-5.93069420497074,1.6094379124341005,6.503179775058806,1.5525321481863428,72106
0.1809687945742908,-25.333011408981186,-5.93069420497074,1.6094379124341005,6.503179775058806,1.5525008814849073,72245
0.1653696864221956,26.911774153234024,-10.993496611346034,0.6931471805599453,2.923161580719156,1.5514388771250298,72024
0.392515190628437,-42.02342287652491,-3.25095987033482,8.321421586897879,0.5187937934151676,1.5509381461245328,46604
0.6415922752961194,-8.328041897137265,-7.680590232688647,6.55250788703459,4.783316371371566,1.5497162110745377,63290
0.1773820204998415,9.360961229502774,-1.1725899535374713,0.6931471805599453,5.5909869805108565,1.54965481105187,46786
0.9912090253058352,-42.02342287652491,-3.25095987033482,3.9318256327243257,1.3532545070416904,1.5495709017702857,46585
0.3595259478882582,-25.7128774116532,-5.927140747167439,1.3862943611198906,1.8196988379172965,1.5493289826050922,70937
0.4399905499390613,-53.06481957993024,-7.910662847462516,1.3862943611198906,4.775250456359692,1.5470542950127306,65077
0.4264716099740582,-25.387773286315408,-5.858965744923943,3.9318256327243257,3.4339872044851463,1.545648565621045,71640
0.1791504936240429,-40.08104938944658,-5.104455919476776,11.736077016252436,0.1655144384775733,1.5456443794004142,76440
0.4071635187836548,-25.7128774116532,-5.927140747167439,1.6094379124341005,1.0715836162801904,1.544682476812263,70958
0.7026227172906303,-34.13929180035904,-3.6894437052830544,6.90875477931522,1.3454723665996355,1.5423896620451503,47659
0.2603540914610462,-44.15485186434385,-6.035475342651856,1.9459101490553128,6.266498214676136,1.5405819597460435,56313
0.2783723054773617,26.911774153234024,-10.993496611346034,0.6931471805599453,2.923161580719156,1.5380635395035733,72030
0.6598671568465733,9.360961229502774,-1.1725899535374713,5.707110264748875,4.96884060443921,1.5378479538451812,46695
0.6967275942098397,-44.7587094378665,-7.369163186735821,0.6931471805599453,4.050044303325521,1.5344874023062165,50883
0.34067677033768,-25.333011408981186,-5.93069420497074,1.0986122886681098,3.265759410767051,1.5321238487369693,72218
0.1472747209657683,-57.87290533736288,-7.375064999303015,4.962844630259907,1.6094379124341005,1.5245659673270768,62285
0.6967275942098397,-44.7587094378665,-7.369163186735821,2.19722457733622,4.682223815430383,1.5234350738771447,50882
0.8819716609183885,-10.062347415224275,-1.6617074474481106,3.713572066704308,1.7334238922150915,1.5233377558029657,42884
0.1894769118206341,-33.609265098944185,-3.535234898436156,1.791759469228055,0.0392207131532813,1.5229787771091892,62202
0.0819032928026572,-64.46380226325768,-6.744972086656759,1.6094379124341005,5.188055972290499,1.5212066765493835,70871
0.5497958941233279,-25.333011408981186,-5.93069420497074,2.8903717578961645,5.666426688112432,1.5207149991656814,72164
0.3316619213265142,-21.48235635766661,-2.1059691706443666,7.090909822079984,1.2781522025001877,1.5194504539353981,64395
0.4071635187836548,-25.7128774116532,-5.927140747167439,1.0986122886681098,3.033028058297688,1.5176396017463682,70960
0.0124975971312437,-41.616763569915136,-3.3580358469825997,6.2166061010848646,1.4929040961781488,1.5174089642383866,76456
0.910857764014267,-36.990520689645,-3.9383897943468216,3.713572066704308,1.9242486522741336,1.5164084024737112,55091
0.6076344204497417,-25.333011408981186,-5.93069420497074,1.0986122886681098,3.218875824868201,1.5146031058453198,72183
0.3767161969718842,-33.609265098944185,-3.535234898436156,11.002116507732016,0.1484200051182732,1.5121363629755824,62237
0.3766322361280032,-33.609265098944185,-3.535234898436156,11.002116507732016,0.1484200051182732,1.5121347441166575,62223
0.3551823778183092,-33.609265098944185,-3.535234898436156,11.002116507732016,0.1484200051182732,1.5118738743756026,62209
0.7214654510378438,-36.990520689645,-3.9383897943468216,3.9318256327243257,1.501852701754163,1.5107979419212987,55269
0.8584677286352331,3.5718389149479437,-2.9967895842208336,2.079441541679836,1.5040773967762742,1.5063653359228526,38663
0.1598573635414553,-10.062347415224275,-1.6617074474481106,3.951243718581428,3.8556642717587617,1.5045323402104505,43635
0.581957746131117,-0.3739360757358962,-4.764316029980913,2.5649493574615367,4.536891345234797,1.5042741056608326,61375
0.9465270866550526,-13.359619327355812,-8.732131177283703,1.6094379124341005,3.497113438491982,1.4970630479202716,57455
0.7945994292576586,-36.990520689645,-3.9383897943468216,3.58351893845611,1.864080130807681,1.4966931536727677,55010
0.4641294201540304,-42.02342287652491,-3.25095987033482,9.305741456739437,0.1310282624064042,1.493741803030426,46588
0.7214654510378438,-36.990520689645,-3.9383897943468216,3.58351893845611,1.864080130807681,1.4925628817468148,55273
0.8416502312464047,-25.333011408981186,-5.93069420497074,0.6931471805599453,3.8086604924329928,1.4893668350659242,72207
0.6967275942098397,-44.7587094378665,-7.369163186735821,0.6931471805599453,4.6570982788484505,1.4851810588457803,50885
0.9143412458347342,-57.87290533736288,-7.375064999303015,6.2166061010848646,2.763169500323289,1.4841446151707116,62289
0.1637064195529731,-2.23378619740187,0.4399689759124834,6.68586094706836,3.740285242173836,1.482554836422509,46309
0.919569116266814,-38.3949497436348,-4.237341895624427,4.61512051684126,1.33500106673234,1.4809710768593567,71753
0.4916111569159866,-53.06481957993024,-7.910662847462516,0.6931471805599453,4.243195508954456,1.4804809559642271,65100
0.5618746759357052,15.170551503297428,-4.434966512500975,0.6931471805599453,6.864607665638895,1.4777750679512522,75071
0.4674689371992642,-40.75116703158868,-4.8525738659882895,6.658011045870748,4.183575695950044,1.476569896095037,74025
0.4944534484013658,-21.48235635766661,-2.1059691706443666,3.9318256327243257,0.1988508587451651,1.4742118237082287,64415
0.6967275942098397,-44.7587094378665,-7.369163186735821,1.791759469228055,4.6570982788484505,1.473860710324607,50886
0.6580599571021324,-41.57438046529097,-4.653868159067222,6.398594934535208,0.0676586484738148,1.4725572754860923,76294
0.9894619570928144,-41.864126045037445,-4.148677259749989,3.951243718581428,3.962145614831357,1.4723548353183418,40458
0.1748096031554951,-37.2724208702352,-5.371196964381807,0.6931471805599453,0.9162907318741552,1.4700925970083825,67416
0.7434458385247922,-2.23378619740187,0.4399689759124834,3.044522437723423,7.031211082909056,1.469392285594447,45127
0.0870238834786789,-2.23378619740187,0.4399689759124834,5.017279836814924,4.032469158504013,1.46833158569711,45363
0.7984044632461718,3.5718389149479437,-2.9967895842208336,0.6931471805599453,6.179643913386096,1.4680832086150606,38702
0.1472747209657683,-57.87290533736288,-7.375064999303015,5.707110264748875,2.5649493574615367,1.4677186964189721,62283
0.3867736661279153,-36.990520689645,-3.9383897943468216,3.295836866004329,1.824549292051046,1.4642758075752937,55184
0.5249107549183591,-25.7128774116532,-5.927140747167439,3.8918202981106265,2.360854001118021,1.4638403690802193,70951
0.6986275273027402,-39.020332402744245,-4.738681342380153,7.313886831633462,1.6074359097634274,1.4636063042504053,73255
0.9939918870601544,-34.13929180035904,-3.6894437052830544,6.2166061010848646,1.430311246536665,1.4631047868676228,47613
0.993712283414034,-34.13929180035904,-3.6894437052830544,6.2166061010848646,1.430311246536665,1.4630183456909107,47646
0.6228924855236073,-6.491200481359508,0.0634930572231506,8.160803920954665,0.1484200051182732,1.4621564681388641,72063
0.4685474448628923,-43.51449181986202,-4.722266402436673,3.044522437723423,5.173660761948481,1.4613611041810588,56955
0.7009339623080848,-35.190491703058406,-6.570637571335191,1.791759469228055,3.0633909220278057,1.4611622523843981,74359
0.7587093266014904,-44.15485186434385,-6.035475342651856,1.0986122886681098,1.235471471385307,1.4598728575406996,56385
0.5870623867987987,-6.491200481359508,0.0634930572231506,8.160803920954665,0.1484200051182732,1.4592234507116302,72048
0.2635483677303725,-60.24900228008169,-7.3385641662833,3.49650756146648,2.0476928433652555,1.457136179665316,72292
0.4945300084413802,-57.87290533736288,-7.375064999303015,6.90875477931522,2.127040520479115,1.456782451794852,62297
0.2004705507659068,-53.06481957993024,-7.910662847462516,0.6931471805599453,2.772588722239781,1.4565974589257944,65062
0.910857764014267,-36.990520689645,-3.9383897943468216,3.4339872044851463,1.864080130807681,1.455819414740576,55077
0.9476509880424048,-14.900792201804506,-1.119933246691244,9.274722630905451,2.2049722641270453,1.4525457443217962,72557
0.4679885565708161,-36.990520689645,-3.9383897943468216,3.58351893845611,1.9242486522741336,1.4518809520724705,55203
0.4399905499390613,-53.06481957993024,-7.910662847462516,0.6931471805599453,4.1640260854229085,1.4516781228101834,65083
0.3142024042021702,0.0,0.0,12.416459170904952,0.0392207131532813,1.4441947797476693,22647
0.0266218399125719,-25.7128774116532,-5.927140747167439,5.117993812416755,2.90962957450058,1.443813884764353,70968
0.996288847760546,-38.3949497436348,-4.237341895624427,7.378383712996714,1.1600209167967532,1.4432802528025794,71766
0.9106811017219414,-40.75116703158868,-4.8525738659882895,4.442651256490317,2.9381031607173544,1.442804475229628,74006
0.8971152368324198,-21.48235635766661,-2.1059691706443666,0.6931471805599453,3.18262669219308,1.44169649752074,64508
0.1061249754609079,-44.15485186434385,-6.035475342651856,0.6931471805599453,1.2669476034873244,1.4416870291806845,56056
0.7631483415213225,-34.13929180035904,-3.6894437052830544,1.6094379124341005,2.9856819377004897,1.439171116168658,47671
0.6442527366864752,-36.990520689645,-3.9383897943468216,3.4339872044851463,1.864080130807681,1.4366601153938807,55247
0.5745512640604886,-25.333011408981186,-5.93069420497074,10.734242182303689,1.3217558399823195,1.4346529967933948,72074
0.1365748811740275,-34.13929180035904,-3.6894437052830544,1.791759469228055,0.9895411936137476,1.4319321814644421,47535
0.1370653439303453,-34.13929180035904,-3.6894437052830544,1.791759469228055,0.9895411936137476,1.4318809606056988,47578
0.4916111569159866,-53.06481957993024,-7.910662847462516,0.6931471805599453,2.580974118534234,1.4310740181358796,65097
0.1984436237066376,-57.87290533736288,-7.375064999303015,2.302585092994046,4.432482078162375,1.4305568984511015,62272
0.5999809684500477,-39.020332402744245,-4.738681342380153,8.517393171418904,1.6074359097634274,1.430312652353151,73173
0.8012861512521425,-34.13929180035904,-3.6894437052830544,6.90875477931522,1.172482137234565,1.4301402870552273,47612
0.8012398324279317,-34.13929180035904,-3.6894437052830544,6.90875477931522,1.172482137234565,1.4301265231168963,47602
0.4511240066574018,-34.13929180035904,-3.6894437052830544,1.791759469228055,0.0861776962410524,1.4290761415398496,47643
0.8433854007532062,12.82210487089851,-8.345485660958676,2.3978952727983707,4.553982149218658,1.4279801344484275,74318
0.4863749286795311,-42.02342287652491,-3.25095987033482,8.101980731853192,0.506817602368452,1.427932141719595,46591
0.6434799906826427,-40.75116703158868,-4.8525738659882895,3.7534960971999087,3.9672684796541247,1.4249052862054457,74143
0.2315175609910724,-43.51449181986202,-4.722266402436673,7.090909822079984,0.8586616190375188,1.4235196483377723,56965
0.411929381274291,-21.48235635766661,-2.1059691706443666,4.61512051684126,0.1988508587451651,1.4187780671849206,64355
0.6631056465390088,-57.87290533736288,-7.375064999303015,6.90875477931522,2.064327903869788,1.4186686088384801,62310
0.8142562195303,-6.969268592336879,-0.002947802633387,0.6931471805599453,4.270536258640519,1.4185347629662934,72546
0.9105859758722304,-8.328041897137265,-7.680590232688647,3.9318256327243257,3.5380565643793527,1.4178575307104926,63292
0.2532498939483929,-34.13929180035904,-3.6894437052830544,3.044522437723423,5.117095205197383,1.4159161770724191,47537
0.8151438374941691,-40.75116703158868,-4.8525738659882895,3.9318256327243257,2.9381031607173544,1.4150257985996337,74105
0.6635666974799506,-39.020332402744245,-4.738681342380153,3.9318256327243257,2.771963526845863,1.4128393646561512,73208
0.488841597468614,-25.7128774116532,-5.927140747167439,4.820281565605037,0.6151856390902335,1.4117465264010107,70965
0.8389713635464346,-64.46380226325768,-6.744972086656759,1.0986122886681098,5.203512059274125,1.410696888056015,70843
0.3186807199425416,-34.13929180035904,-3.6894437052830544,3.044522437723423,5.117095205197383,1.407856445344307,47585
0.3188236320172279,-34.13929180035904,-3.6894437052830544,3.044522437723423,5.117095205197383,1.4078421192626467,47609
0.7411944948482372,-34.13929180035904,-3.6894437052830544,6.90875477931522,1.1631508098056809,1.406250023177606,47636
0.9548357649971706,3.8022158396961383,0.296637443287444,9.34145634983372,1.5151272329628591,1.4059005068438577,41178
0.1363993672823085,-2.23378619740187,0.4399689759124834,0.6931471805599453,0.2231435513142097,1.4041929200300902,44247
0.6394294541658283,-6.491200481359508,0.0634930572231506,1.0986122886681098,1.7578579175523736,1.403889776051278,72050
0.3678149120200729,9.360961229502774,-1.1725899535374713,0.6931471805599453,5.351858133476067,1.403880780915309,46696
0.3577233417462153,-34.13929180035904,-3.6894437052830544,6.2166061010848646,1.430311246536665,1.4034772849105266,47642
0.698409809688961,-38.3949497436348,-4.237341895624427,8.699681400989514,1.1600209167967532,1.4028043682409035,71793
0.2300169842068697,-36.990520689645,-3.9383897943468216,3.258096538021482,1.9242486522741336,1.4022955746516392,55120
0.7626106348403141,-42.02342287652491,-3.25095987033482,9.34145634983372,0.506817602368452,1.400469937758363,46593
0.081107770186918,-14.479810520952183,-1.3967455035202516,8.006700845440367,0.3074846997479605,1.3968111610262255,72560
0.1638499696279893,-0.3739360757358962,-4.764316029980913,0.6931471805599453,2.9014215940827497,1.3966486230257362,61369
0.9465270866550526,-13.359619327355812,-8.732131177283703,1.0986122886681098,3.810654511039857,1.3951576375166608,57457
0.8203599687201191,-8.328041897137265,-7.680590232688647,3.9318256327243257,3.5380565643793527,1.394675725807473,63298
0.5090329682206232,-6.491200481359508,0.0634930572231506,5.303304908059076,0.378436435720245,1.39283054569556,72057
0.759769364155467,-64.46380226325768,-6.744972086656759,1.0986122886681098,5.203512059274125,1.3918383617517245,70835
0.8416502312464047,-25.333011408981186,-5.93069420497074,0.6931471805599453,3.938664936374568,1.3894381996799632,72211
0.4945338364433809,-21.48235635766661,-2.1059691706443666,4.795790545596741,0.1222176327242491,1.3889127632147955,64301
0.9693083559605428,-38.3949497436348,-4.237341895624427,8.517393171418904,1.1600209167967532,1.3883319363734234,71759
0.2415838983517417,-40.75116703158868,-4.8525738659882895,3.7534960971999087,4.028916756899646,1.3871087110908418,74200
0.910857764014267,-36.990520689645,-3.9383897943468216,3.1354942159291497,1.824549292051046,1.3861401758250564,55081
0.5616253135053881,-36.990520689645,-3.9383897943468216,3.4339872044851463,1.9242486522741336,1.384157136350578,55233
0.9880685643646316,-0.0327824363788615,-1.568582334164878,8.974744612722734,2.0228711901914416,1.3805746510120953,64670
0.6442527366864752,-36.990520689645,-3.9383897943468216,3.4339872044851463,1.9242486522741336,1.3799312150873975,55258
0.2004705507659068,-53.06481957993024,-7.910662847462516,0.6931471805599453,3.740047740688336,1.3798571934706472,65061
0.9737939449047132,-21.48235635766661,-2.1059691706443666,6.398594934535208,0.262364264467491,1.3794165900310644,64365
0.4916111569159866,-53.06481957993024,-7.910662847462516,0.6931471805599453,2.6803363625346943,1.3788700461579841,65091
0.9937304983235578,-25.333011408981186,-5.93069420497074,10.698310970126736,1.3217558399823195,1.3781673313419864,72083
0.0844128033141302,5.44969554707628,-0.6505508003693177,1.0986122886681098,3.044522437723423,1.3760575466648242,72812
0.4568548127523186,-2.23378619740187,0.4399689759124834,5.707110264748875,3.740285242173836,1.3745666155996714,43777
0.6101833912818364,-39.020332402744245,-4.738681342380153,9.758519582283522,1.0612565021243408,1.3733790290500534,73248
0.9278158128765384,-35.190491703058406,-6.570637571335191,2.3978952727983707,3.7300213974451113,1.3730566222487035,74334
0.5140909391639212,-34.13929180035904,-3.6894437052830544,6.90875477931522,1.172482137234565,1.3724679883878215,47669
0.5694088856730772,-40.75116703158868,-4.8525738659882895,3.7534960971999087,4.028916756899646,1.3696942785409456,74149
0.5664954571505234,-40.75116703158868,-4.8525738659882895,3.7534960971999087,4.028916756899646,1.3695044598647186,74112
0.5750365909141166,-39.020332402744245,-4.738681342380153,8.294299608857235,1.6074359097634274,1.3647699158975135,73371
0.2004705507659068,-53.06481957993024,-7.910662847462516,0.6931471805599453,3.663818023518565,1.361329781176286,65067
0.3595259478882582,-25.7128774116532,-5.927140747167439,1.3862943611198906,2.1770218700187,1.3597860461075943,70934
0.1773649858909394,9.360961229502774,-1.1725899535374713,0.6931471805599453,4.273884476054178,1.3552704247054344,46693
0.1040431803729617,-2.166338536005922,-12.403486188401866,5.198497031265826,3.315276319154516,1.3536859422031045,65533
0.9885336666076938,-57.87290533736288,-7.375064999303015,6.2166061010848646,2.556451816951096,1.353371728662833,62298
0.8805096193543207,12.121765631391884,-3.970897071963189,6.90875477931522,2.19722457733622,1.3512941100175144,69387
0.4258173725321583,-0.0327824363788615,-1.568582334164878,2.3978952727983707,6.111467339502679,1.3510836805997972,64755
0.8225798589802338,9.360961229502774,-1.1725899535374713,1.0986122886681098,3.730501128804756,1.3501863070674796,47413
0.1056088331911695,-2.166338536005922,-12.403486188401866,5.017279836814924,3.307252935485613,1.350183133615802,65634
0.8225642279720589,9.360961229502774,-1.1725899535374713,1.0986122886681098,3.730501128804756,1.3501820754738005,47234
0.3491539764678677,-0.0327824363788615,-1.568582334164878,9.90353755128617,0.0392207131532813,1.3494694224691235,64988
0.5943411731026913,15.46874900375352,-5.582631450227566,1.791759469228055,0.4700036292457356,1.349089416631233,49510
0.8142490739265611,9.360961229502774,-1.1725899535374713,1.0986122886681098,3.730501128804756,1.3479548266429617,46990
0.7152869282089469,-39.020332402744245,-4.738681342380153,9.39274525863144,0.1484200051182732,1.3455850617724183,73282
0.7945994292576586,-36.990520689645,-3.9383897943468216,3.4339872044851463,1.9671123567059163,1.344831371325551,55001
0.0642717388884079,-33.609265098944185,-3.535234898436156,8.517393171418904,1.0612565021243408,1.343729936825758,62208
0.1777335267835411,5.44969554707628,-0.6505508003693177,1.0986122886681098,3.044522437723423,1.3437025813521832,72623
0.1780350776411268,5.44969554707628,-0.6505508003693177,1.0986122886681098,3.044522437723423,1.3436072746525405,72587
0.4868829683450357,-41.87312447810079,-4.629705577099821,8.54907938027856,1.2029723039923526,1.341951353730711,76335
0.5060596633667771,15.46874900375352,-5.582631450227566,1.791759469228055,0.4700036292457356,1.3415848826812902,49487
0.6631056465390088,-57.87290533736288,-7.375064999303015,6.2166061010848646,2.563409711275944,1.3403632292589795,62311
0.625648646963981,-2.166338536005922,-12.403486188401866,2.3978952727983707,4.948759890378168,1.3402753146804305,65452
0.6431870528295534,-39.020332402744245,-4.738681342380153,8.006700845440367,1.6074359097634274,1.339167867512129,73184
0.8805096193543207,12.121765631391884,-3.970897071963189,6.90875477931522,2.1400661634962708,1.3384779892197443,69386
0.6631056465390088,-57.87290533736288,-7.375064999303015,6.2166061010848646,2.556451816951096,1.3358460283327949,62305
0.6112384524332128,-39.020332402744245,-4.738681342380153,1.0986122886681098,0.0392207131532813,1.335200538345422,73264
0.753546659803483,9.360961229502774,-1.1725899535374713,7.601402334583733,2.2491843162669305,1.3342052996725675,46726
0.7524320732210015,-10.062347415224275,-1.6617074474481106,3.218875824868201,5.057328022088238,1.3340755592517817,43425
0.434744273197353,-0.0327824363788615,-1.568582334164878,9.90353755128617,0.0392207131532813,1.3336511914286915,64629
0.7974187527310406,-57.87290533736288,-7.375064999303015,6.2166061010848646,2.556451816951096,1.3335169282274832,62321
0.7597173033282587,-38.3949497436348,-4.237341895624427,8.517393171418904,1.1600209167967532,1.3325070022073673,71795
0.2004705507659068,-53.06481957993024,-7.910662847462516,0.6931471805599453,3.281287084989598,1.3318605166234485,65064
0.392515190628437,-42.02342287652491,-3.25095987033482,8.137688184977605,1.1346227261911428,1.3316319154142338,46605
0.7268858380705367,-39.020332402744245,-4.738681342380153,1.0986122886681098,0.0392207131532813,1.331578112696896,73164
0.9571919002284872,-36.990520689645,-3.9383897943468216,3.044522437723423,1.9242486522741336,1.3307489247718574,55132
0.1871703811152372,-34.13929180035904,-3.6894437052830544,4.61512051684126,2.7700855920216627,1.3304102256559789,47619
0.9271841925464556,-2.23378619740187,0.4399689759124834,5.017279836814924,3.927896354584436,1.3274272005674885,43995
0.9271688805384528,-2.23378619740187,0.4399689759124834,5.017279836814924,3.927896354584436,1.3274240757738158,46528
0.2331912910657649,-40.75116703158868,-4.8525738659882895,3.713572066704308,4.07753744390572,1.326995162849638,74065
0.2912186016908364,-34.13929180035904,-3.6894437052830544,4.61512051684126,2.7700855920216627,1.3269462929818998,47685
0.2910928199251046,-34.13929180035904,-3.6894437052830544,4.61512051684126,2.7700855920216627,1.3269455605000586,47554
0.03984474772286,5.44969554707628,-0.6505508003693177,1.3862943611198906,0.6365768290715511,1.3264594294796785,73114
0.1171542148247866,15.46874900375352,-5.582631450227566,5.017279836814924,1.128171090909654,1.324908646379808,49436
0.7067812991639073,-40.75116703158868,-4.8525738659882895,3.555348061489413,2.9381031607173544,1.3241254794117208,74003
0.9914944347549906,-64.46380226325768,-6.744972086656759,0.6931471805599453,5.019198524756743,1.3223491106435639,70863
0.7974015267220338,-57.87290533736288,-7.375064999303015,6.803505257608338,1.4327007339340465,1.3209373849399342,62313
0.8791829933610273,-43.631360539825614,-4.876868441765419,2.3978952727983707,6.608000625296087,1.3202522081606602,63839
0.1672974682296555,-37.2724208702352,-5.371196964381807,1.0986122886681098,5.584961400424145,1.3178712499108136,67368
0.8587450354801547,-38.3949497436348,-4.237341895624427,7.601402334583733,1.1600209167967532,1.3177170997489291,71796
0.8007568342755178,-25.387773286315408,-5.858965744923943,2.772588722239781,4.023564380161053,1.3150031733583243,71650
0.0048634446416357,-37.2724208702352,-5.371196964381807,3.9318256327243257,2.066862759472976,1.3125527454610508,67247
0.5302811227249151,-42.02342287652491,-3.25095987033482,9.707533494010876,0.262364264467491,1.3121977725121863,46596
0.8416502312464047,-25.333011408981186,-5.93069420497074,1.791759469228055,1.1378330018213911,1.3110436160181622,72212
0.4843885784414681,3.8022158396961383,0.296637443287444,0.6931471805599453,2.0731719286662407,1.310608505429999,41762
0.1587413414582243,0.0,0.0,7.601402334583733,3.968025195543431,1.3094876808483777,19561
0.968295020030972,-35.190491703058406,-6.570637571335191,4.110873864173311,1.7047480922384253,1.3092961020119378,74342
0.084503271761406,5.44969554707628,-0.6505508003693177,1.791759469228055,0.5822156198526637,1.3088177556829654,72603
0.910857764014267,-36.990520689645,-3.9383897943468216,3.555348061489413,2.0781907597781832,1.308475820476053,55076
0.7974015267220338,-57.87290533736288,-7.375064999303015,6.803505257608338,1.5238800240724537,1.306157871161292,62314
0.8792154994780148,-2.0416688879893456,-1.0707150739147602,4.61512051684126,1.8531680973566984,1.3059775187149567,70738
0.4916111569159866,-53.06481957993024,-7.910662847462516,0.6931471805599453,2.843163674909384,1.3052162192383463,65102
0.5116011109627365,-39.020332402744245,-4.738681342380153,6.90875477931522,1.6074359097634274,1.3048768886069728,73331
0.6461507238783639,-40.75116703158868,-4.8525738659882895,3.6506582412937383,4.050044303325521,1.304505886916373,74021
0.4916111569159866,-53.06481957993024,-7.910662847462516,0.6931471805599453,3.888754378488792,1.3029270528552794,65093
0.7756583477590482,9.360961229502774,-1.1725899535374713,1.9459101490553128,0.7419373447293773,1.302660348128519,47239
0.332204381110003,-25.387773286315408,-5.858965744923943,1.3862943611198906,3.342861804649192,1.3013324993949735,71636
0.5236706736702885,3.8022158396961383,0.296637443287444,0.6931471805599453,6.250303373746643,1.299502191303627,42192
0.4399905499390613,-53.06481957993024,-7.910662847462516,0.6931471805599453,3.830161978947826,1.2991724809123653,65085
0.9278158128765384,-35.190491703058406,-6.570637571335191,1.9459101490553128,2.2071749081893874,1.2991238748548222,74336
0.7730380165896662,-38.3949497436348,-4.237341895624427,7.601402334583733,1.1600209167967532,1.2971510492903353,71799
0.393288766032704,-25.333011408981186,-5.93069420497074,4.330733340286331,1.0986122886681098,1.2970767609533367,72099
0.3932902334334756,-25.333011408981186,-5.93069420497074,4.330733340286331,1.0986122886681098,1.2970764394084455,72119
0.3932913499340529,-25.333011408981186,-5.93069420497074,4.330733340286331,1.0986122886681098,1.297076194755785,72142
0.1598573635414553,-10.062347415224275,-1.6617074474481106,3.8501476017100575,2.179286876649552,1.2968406815489517,43553
0.392515190628437,-42.02342287652491,-3.25095987033482,7.390798521735676,0.262364264467491,1.296798233808844,46603
0.2300169842068697,-36.990520689645,-3.9383897943468216,3.367295829986474,2.0731719286662407,1.2953061071742338,55110
0.9362307501741896,-38.3949497436348,-4.237341895624427,6.2166061010848646,1.1600209167967532,1.2952771769249987,71756
0.9894619570928144,0.0,0.0,12.206077645517674,0.0198026272961797,1.2942949631668486,26280
0.5145523729050652,-34.01745597963545,-3.577181396117639,1.6094379124341005,4.442651256490317,1.294204924030626,40627
0.6454448722094881,-43.631360539825614,-4.876868441765419,2.3978952727983707,6.608000625296087,1.2924208831454467,63833
0.3104947609645592,-34.13929180035904,-3.6894437052830544,7.601402334583733,1.3454723665996355,1.290996473691733,47594
0.8406292393128396,-2.0416688879893456,-1.0707150739147602,1.0986122886681098,7.162257952736099,1.2877108612318127,70677
0.8340994654003779,-39.020332402744245,-4.738681342380153,6.90875477931522,1.5454325824581878,1.287515273145739,73250
0.8338711888810835,-39.020332402744245,-4.738681342380153,6.90875477931522,1.5454325824581878,1.2874567896973492,73219
0.8319903638981643,-39.020332402744245,-4.738681342380153,6.90875477931522,1.5454325824581878,1.2869763705386497,73176
0.5314253444228854,-38.3949497436348,-4.237341895624427,3.9318256327243257,0.6830968447064438,1.28685951265683,71777
0.2635483677303725,-60.24900228008169,-7.3385641662833,3.4339872044851463,2.6483001966964363,1.286841550786932,72290
0.4704899644780553,-6.491200481359508,0.0634930572231506,10.819798284210286,0.0295588022415444,1.2866646091784146,72062
0.9081209020839792,-54.64264950260678,-7.315481964954653,11.002116507732016,0.1222176327242491,1.2845793550925486,71970
0.9858174758882114,-38.3949497436348,-4.237341895624427,6.90875477931522,1.1600209167967532,1.2844472096411954,71780
0.2931937869230694,-37.2724208702352,-5.371196964381807,2.5649493574615367,4.781222129768451,1.2843651789627493,67329
0.8142830155442979,-43.73699896671659,-4.769092503319138,4.61512051684126,1.5040773967762742,1.2841665785118233,63255
0.5090329682206232,-6.491200481359508,0.0634930572231506,5.017279836814924,0.8241754429663495,1.2840481702795035,72056
0.1842922659111323,-34.13929180035904,-3.6894437052830544,3.9318256327243257,2.5771819258971718,1.2838658415326434,47666
0.2912178679904542,-34.13929180035904,-3.6894437052830544,3.9318256327243257,2.5771819258971718,1.280056333557673,47641
0.2910928199251046,-34.13929180035904,-3.6894437052830544,3.9318256327243257,2.5771819258971718,1.2800555787091574,47555
0.2342737224314461,-43.51449181986202,-4.722266402436673,10.308985993422082,0.8586616190375188,1.2798096304252937,56993
0.4342763318528071,0.8971627168200691,-1.1882146154612885,1.0986122886681098,0.009950330853168,1.2778899876719416,764
0.6026404409398936,-44.7587094378665,-7.369163186735821,1.0986122886681098,3.970291913552122,1.2777004912537833,50891
0.8554017542329504,-64.46380226325768,-6.744972086656759,0.6931471805599453,5.019198524756743,1.274370454538728,70876
0.9191098198267866,9.360961229502774,-1.1725899535374713,9.90353755128617,0.0769610411361284,1.272461271530655,47297
0.1196477753279268,-42.02342287652491,-3.25095987033482,10.073272520325904,0.506817602368452,1.2723538780694728,46587
0.949386125649184,-64.46380226325768,-6.744972086656759,1.0986122886681098,5.019198524756743,1.2722054975885173,70848
0.6491353532381297,-2.23378619740187,0.4399689759124834,2.70805020110221,7.031211082909056,1.2695443097832928,45638
0.4916111569159866,-53.06481957993024,-7.910662847462516,1.3862943611198906,2.255493485460195,1.2677027626482265,65095
0.4483161033899918,-25.333011408981186,-5.93069420497074,5.484796933490655,2.995732273553991,1.2666358160210027,72236
0.5227735176014363,-25.387773286315408,-5.858965744923943,2.3978952727983707,4.023564380161053,1.2652323740541283,71642
0.4916111569159866,-53.06481957993024,-7.910662847462516,0.6931471805599453,3.783507583192719,1.2646152365988292,65099
0.5314253444228854,-38.3949497436348,-4.237341895624427,3.258096538021482,2.4159137783010487,1.2643832145828664,71775
0.0819032928026572,-64.46380226325768,-6.744972086656759,0.6931471805599453,5.00936782452929,1.263537259637058,70869
0.3923876543617837,9.360961229502774,-1.1725899535374713,0.6931471805599453,4.543294782270004,1.263312867243611,46781
0.0048634446416357,-37.2724208702352,-5.371196964381807,3.4339872044851463,2.066862759472976,1.262971473054769,67249
0.8816556593532425,-34.13929180035904,-3.6894437052830544,7.313886831633462,1.1474024528375415,1.2619714499650987,47694
0.3602341282583552,-8.328041897137265,-7.680590232688647,3.9318256327243257,4.286341384539473,1.2605453172691536,63257
0.9142431851834872,-38.3949497436348,-4.237341895624427,6.90875477931522,1.1600209167967532,1.2593552476780514,71798
0.6228924855236073,-6.491200481359508,0.0634930572231506,8.371242135931933,0.1484200051182732,1.2591885710443365,72066
0.3787482599338361,-8.328041897137265,-7.680590232688647,3.9318256327243257,4.286341384539473,1.2585658239853805,63327
0.7947238393226783,-21.48235635766661,-2.1059691706443666,3.4339872044851463,0.8197798314933114,1.2578519810244095,64460
0.3876847306040361,-8.328041897137265,-7.680590232688647,6.2166061010848646,4.783316371371566,1.2570583802774629,63312
0.5503537616148719,-35.190491703058406,-6.570637571335191,1.9459101490553128,2.5649493574615367,1.2557892154761212,74367
0.5870623867987987,-6.491200481359508,0.0634930572231506,8.371242135931933,0.1484200051182732,1.2557815889855681,72058
0.4916111569159866,-53.06481957993024,-7.910662847462516,0.6931471805599453,2.983659692319722,1.2552389922360587,65092
0.2408980798933342,0.6735879955882538,0.4619864478670126,1.6094379124341005,9.13981704422399,1.2551477407297424,49265
0.316958565642544,-10.062347415224275,-1.6617074474481106,3.1354942159291497,1.7047480922384253,1.2539403060885221,43032
0.5722575890618131,-8.328041897137265,-7.680590232688647,6.2166061010848646,4.783316371371566,1.2535016750232708,63319
0.062390690605369,-57.87290533736288,-7.375064999303015,6.2166061010848646,1.9459101490553128,1.2530198123099303,62303
0.5496915172687835,-8.328041897137265,-7.680590232688647,6.2166061010848646,4.783316371371566,1.2524784632173138,63282
0.1781417193968621,-34.13929180035904,-3.6894437052830544,5.707110264748875,1.5933085305042167,1.2512099395761138,47683
0.9879609656083944,4.739120184764039,-1.7023518751899898,0.6931471805599453,1.3862943611198906,1.250218248449423,73960
0.5314253444228854,-38.3949497436348,-4.237341895624427,4.61512051684126,0.1823215567939546,1.2496840527747277,71772
0.2004705507659068,-53.06481957993024,-7.910662847462516,1.3862943611198906,4.291965156305224,1.2484814086570917,65068
0.8626785308357938,-16.248282169686192,-1.7472845277539049,5.303304908059076,1.0043016091968684,1.2478908166188656,74235
0.9746227073378222,-53.06481957993024,-7.910662847462516,3.044522437723423,3.2534704696327,1.247616162503808,65111
0.3409559273835612,3.8022158396961383,0.296637443287444,1.0986122886681098,6.250303373746643,1.247406793375495,40780
0.7569228299678699,-38.3949497436348,-4.237341895624427,6.2166061010848646,1.1600209167967532,1.2469717879871431,71781
0.9659254548926413,-38.3949497436348,-4.237341895624427,6.55250788703459,1.1600209167967532,1.2446181805705214,71761
0.4575227991014117,3.8022158396961383,0.296637443287444,1.0986122886681098,6.250303373746643,1.2445801597719302,41228
0.2315175609910724,-43.51449181986202,-4.722266402436673,6.90875477931522,0.8586616190375188,1.243800436624844,56973
0.3161273150081314,4.739120184764039,-1.7023518751899898,2.833213344056216,3.3843902633457743,1.2413122109280301,73774
0.582785232563559,-40.75116703158868,-4.8525738659882895,3.9318256327243257,4.361823927356363,1.2410998926059666,74063
0.6000698099964765,-64.46380226325768,-6.744972086656759,1.3862943611198906,5.019198524756743,1.2409190013619815,70897
0.8792154994780148,-10.062347415224275,-1.6617074474481106,2.772588722239781,1.7334238922150915,1.240572350223012,42852
0.8177071633337576,-44.7587094378665,-7.369163186735821,2.5649493574615367,3.970291913552122,1.240011516691253,50894
0.453198943241766,-54.64264950260678,-7.315481964954653,8.699681400989514,0.5306282510621704,1.2390862348384926,71969
0.2024534558021713,-8.328041897137265,-7.680590232688647,6.2166061010848646,3.509154523167248,1.2380297285051736,63311
0.1929313008258972,5.44969554707628,-0.6505508003693177,2.079441541679836,3.277144732992177,1.238017247273902,72824
0.4283360702484273,-25.333011408981186,-5.93069420497074,2.5649493574615367,5.666426688112432,1.2380054602775596,72239
0.2315175609910724,-43.51449181986202,-4.722266402436673,9.90353755128617,0.8586616190375188,1.236764807897226,56992
0.8142562195303,-6.969268592336879,-0.002947802633387,0.6931471805599453,1.667706820558076,1.2365956462659895,72547
0.6631056465390088,-57.87290533736288,-7.375064999303015,6.580639137284949,2.1041341542702074,1.2358860697554874,62312
0.2465253066341191,-64.46380226325768,-6.744972086656759,0.6931471805599453,5.021377390628158,1.2350415102230987,70813
0.3316619213265142,-21.48235635766661,-2.1059691706443666,6.803505257608338,1.2781522025001877,1.2342669393600985,64408
0.5915211478289493,9.360961229502774,-1.1725899535374713,6.68586094706836,2.174751721484161,1.2335282147978166,47132
0.0844128033141302,5.44969554707628,-0.6505508003693177,0.6931471805599453,5.830415125589567,1.2329683778717866,72813
0.6846929620205415,-64.46380226325768,-6.744972086656759,0.6931471805599453,5.019198524756743,1.2329302727534472,70853
0.1641118687648628,-40.75116703158868,-4.8525738659882895,2.3978952727983707,3.157000421150113,1.2309568527024377,74014
0.8148509953411249,-38.3949497436348,-4.237341895624427,6.90875477931522,1.1600209167967532,1.230581873793135,71785
0.1664689609966743,-40.75116703158868,-4.8525738659882895,2.3978952727983707,3.157000421150113,1.2302623796971979,74035
0.1671523231538003,-40.75116703158868,-4.8525738659882895,2.3978952727983707,3.157000421150113,1.230061811107556,74058
0.1671835851701359,-40.75116703158868,-4.8525738659882895,2.3978952727983707,3.157000421150113,1.2300526439224435,74080
0.9750476155598804,-53.06481957993024,-7.910662847462516,0.6931471805599453,3.888754378488792,1.2285437852218195,65123
0.7157732120630769,-2.0416688879893456,-1.0707150739147602,4.795790545596741,1.8687205103641835,1.2267738301616882,70680
0.4437419918995644,-36.990520689645,-3.9383897943468216,3.713572066704308,2.277267285009756,1.2265617739787467,55265
0.9894619570928144,-41.864126045037445,-4.148677259749989,5.19295685089021,3.0487989944906837,1.2264157627906922,40457
0.5745512640604886,-25.333011408981186,-5.93069420497074,10.463131911491969,1.0986122886681098,1.225239263334276,72075
0.2216859120530543,-25.333011408981186,-5.93069420497074,3.713572066704308,2.995732273553991,1.2247117182500364,72093
0.7267098137785482,-8.328041897137265,-7.680590232688647,4.262679877041316,4.888090941338162,1.223856324273843,63273
0.3327553900979652,-64.46380226325768,-6.744972086656759,0.6931471805599453,5.021377390628158,1.2226859574526199,70822
0.8997467968076762,-38.3949497436348,-4.237341895624427,6.68586094706836,1.1600209167967532,1.2220025730301751,71794
0.4399905499390613,-53.06481957993024,-7.910662847462516,0.6931471805599453,3.2355362657613083,1.2217897730544343,65080
0.8537095221485913,-2.23378619740187,0.4399689759124834,12.429220196836384,0.0392207131532813,1.2214302663331573,45907
0.7945994292576586,-36.990520689645,-3.9383897943468216,3.4339872044851463,2.1004689088719117,1.2213406574326653,55000
0.933336716861767,-25.333011408981186,-5.93069420497074,1.0986122886681098,3.938664936374568,1.2198006776583414,72273
0.6685410903795699,-40.75116703158868,-4.8525738659882895,3.258096538021482,2.9381031607173544,1.2196893362357708,74178
0.9277660488505362,-36.29355214544944,-5.978350886987766,1.6094379124341005,2.0425181875752383,1.2178689710395787,76453
0.8792154994780148,-2.0416688879893456,-1.0707150739147602,4.61512051684126,2.196112848483529,1.2178274742025503,70737
0.4399905499390613,-53.06481957993024,-7.910662847462516,0.6931471805599453,3.281287084989598,1.2176486549487162,65078
0.8317606518781133,-40.75116703158868,-4.8525738659882895,5.017279836814924,1.029619417181158,1.216775545540062,74132
0.4561092774627084,-14.900792201804506,-1.119933246691244,8.736328721332908,2.2049722641270453,1.2167238694840796,72559
0.7540373777599285,-38.3949497436348,-4.237341895624427,6.90875477931522,1.1600209167967532,1.2166506329889297,71763
0.4916111569159866,-53.06481957993024,-7.910662847462516,0.6931471805599453,3.142858338444285,1.2158688319078692,65103
0.6498090815902202,-2.0416688879893456,-1.0707150739147602,4.51085950651685,1.897619859927532,1.2154366718460912,70675
0.1791504936240429,-2.0416688879893456,-1.0707150739147602,5.303304908059076,2.196112848483529,1.2150059939129572,70722
0.4144994699174233,-64.46380226325768,-6.744972086656759,0.6931471805599453,5.019198524756743,1.2144097285111919,70887
0.9315825668450444,-11.356036188762154,-1.618064893601553,3.49650756146648,5.124856438186279,1.213599679022193,74381
0.759769364155467,-64.46380226325768,-6.744972086656759,1.0986122886681098,5.019198524756743,1.2128638082587626,70832
0.9912090253058352,-42.02342287652491,-3.25095987033482,4.727387818712341,1.9974177062012453,1.2121238910292067,46586
0.2465253066341191,-64.46380226325768,-6.744972086656759,0.6931471805599453,4.997212273764115,1.2120810465849055,70815
0.3156602668640502,-25.387773286315408,-5.858965744923943,1.6094379124341005,3.784189633918261,1.2117168060431656,71644
0.3156617980648519,-25.387773286315408,-5.858965744923943,1.6094379124341005,3.784189633918261,1.2117166079807677,71659
0.3156621170650169,-25.387773286315408,-5.858965744923943,1.6094379124341005,3.784189633918261,1.2117165667180079,71633
0.1614880923936752,-21.48235635766661,-2.1059691706443666,1.9459101490553128,3.905803705614229,1.2109103966966903,64407
0.5528400489142058,12.121765631391884,-3.970897071963189,5.8888779583328805,0.6931471805599453,1.2097940007050327,69673
0.0867820175522808,-33.609265098944185,-3.535234898436156,6.398594934535208,0.9360933591703348,1.2085747257117918,62213
0.0872371669901426,-33.609265098944185,-3.535234898436156,6.398594934535208,0.9360933591703348,1.208403538245081,62232
0.993938805432414,-44.15485186434385,-6.035475342651856,4.04305126783455,3.2827891506118534,1.2083792831568028,56035
0.993938805432414,-44.15485186434385,-6.035475342651856,4.04305126783455,3.2827891506118534,1.2083792831568028,55976
0.202313829429201,-64.46380226325768,-6.744972086656759,1.0986122886681098,5.021377390628158,1.2079194999486433,70907
0.4685474448628923,-43.51449181986202,-4.722266402436673,1.0986122886681098,4.5306621338130295,1.207917630781589,56954
0.7068065958771257,-25.333011408981186,-5.93069420497074,4.51085950651685,1.128171090909654,1.2072523516955698,72202
0.1587413414582243,0.0,0.0,7.601402334583733,2.857618971424357,1.2072103894597301,19562
0.1587413414582243,0.0,0.0,6.2166061010848646,4.5263434054421205,1.206995228185571,19573
0.8433854007532062,12.82210487089851,-8.345485660958676,3.9318256327243257,2.7427736371605955,1.2067251154282572,74324
0.8433854007532062,12.82210487089851,-8.345485660958676,3.9318256327243257,2.7427736371605955,1.2067251154282572,74328
0.1061249754609079,-44.15485186434385,-6.035475342651856,0.6931471805599453,1.5151272329628591,1.205801833114203,56051
0.1062979692513153,9.360961229502774,-1.1725899535374713,6.957497370876951,2.138889000323256,1.203657790858057,47385
0.992218118533188,-1.664280675885757,0.2763326541955484,12.417957049864937,0.0582689081239758,1.2036022900548662,68118
0.5308921675442448,-25.333011408981186,-5.93069420497074,3.688879454113936,2.413231613081109,1.2032447714343348,72196
0.1809720483759918,-40.75116703158868,-4.8525738659882895,0.6931471805599453,4.361823927356363,1.2029382895444989,74192
0.4307636615170835,-43.631360539825614,-4.876868441765419,2.19722457733622,6.608000625296087,1.201495525153869,63819
0.7945994292576586,-36.990520689645,-3.9383897943468216,3.4339872044851463,2.122261538862764,1.2013607925833807,55018
0.5028743191021192,-37.37972294502649,-5.29082315365623,6.329720905522696,1.4951487660319729,1.201175172149134,76280
0.4916111569159866,-53.06481957993024,-7.910662847462516,0.6931471805599453,3.2534704696327,1.2002437933747643,65101
0.5677692567162111,-41.864126045037445,-4.148677259749989,3.044522437723423,2.944965156500338,1.1997610275916315,40465
0.6605518907044114,-41.57438046529097,-4.653868159067222,7.496097345175956,0.0676586484738148,1.1968767747644877,76297
0.6605512527040815,-41.57438046529097,-4.653868159067222,7.496097345175956,0.0676586484738148,1.1968765776135661,76296
0.1571012021010815,-10.062347415224275,-1.6617074474481106,3.8501476017100575,2.379546134130174,1.196500874622558,42787
0.7214654510378438,-36.990520689645,-3.9383897943468216,3.258096538021482,2.063058062429312,1.1962176805249,55286
0.6580608503025971,-41.57438046529097,-4.653868159067222,7.496097345175956,0.0676586484738148,1.1961093544955577,76295
0.657970637055449,-41.57438046529097,-4.653868159067222,7.496097345175956,0.0676586484738148,1.1960816504084846,76299
0.6024906703616182,-38.3949497436348,-4.237341895624427,6.90875477931522,1.1600209167967532,1.1947644183061872,71767
0.6075173154885434,-2.0416688879893456,-1.0707150739147602,4.795790545596741,1.8687205103641835,1.1940253478109208,70812
0.2417632083454464,-0.0327824363788615,-1.568582334164878,8.732465848349879,1.33500106673234,1.193454265616556,64683
0.1777335267835411,5.44969554707628,-0.6505508003693177,0.6931471805599453,5.830415125589567,1.1916176974378427,72629
0.1780350776411268,5.44969554707628,-0.6505508003693177,0.6931471805599453,5.830415125589567,1.1914936005952304,72588
0.6579521031457674,-39.020332402744245,-4.738681342380153,9.1616751999949,0.0392207131532813,1.1911453048248657,73320
0.120743987500802,-34.13929180035904,-3.6894437052830544,4.61512051684126,2.614471854142644,1.1894720273283235,47575
0.2030793341292565,-44.7587094378665,-7.369163186735821,2.3978952727983707,3.970291913552122,1.1888234360342311,50887
0.5841791037919961,-43.631360539825614,-4.876868441765419,2.19722457733622,6.608000625296087,1.1887490528284679,63824
0.5668493878354894,4.739120184764039,-1.7023518751899898,3.218875824868201,0.8329091229351039,1.1875828432616544,73936
0.8554017542329504,-64.46380226325768,-6.744972086656759,3.610917912644224,2.905260370389916,1.1875351870248554,70881
0.5639010606946897,-2.0416688879893456,-1.0707150739147602,4.51085950651685,1.8687205103641835,1.1852580851314338,70673
0.8698989082091657,-40.75116703158868,-4.8525738659882895,2.8903717578961645,2.9381031607173544,1.1837740508901278,74187
0.9554794435335552,-38.3949497436348,-4.237341895624427,6.2166061010848646,1.7047480922384253,1.1831928162311731,71758
0.8920584461897434,-44.15485186434385,-6.035475342651856,4.04305126783455,3.2827891506118534,1.181026632596549,55970
0.7404531065607927,-38.3949497436348,-4.237341895624427,3.9318256327243257,0.8109302162163288,1.1803223737019164,71757
0.2728599825966213,-53.06481957993024,-7.910662847462516,1.0986122886681098,4.0469034876219645,1.1787147387662358,65104
0.4127231174891008,9.360961229502774,-1.1725899535374713,6.2166061010848646,3.367295829986474,1.178470422582363,46944
0.3219292262402078,-36.990520689645,-3.9383897943468216,3.044522437723423,2.1004689088719117,1.1780745209266015,55148
0.5083801343794576,-64.46380226325768,-6.744972086656759,1.0986122886681098,5.019198524756743,1.1774519328052093,70915
0.3685006985784653,-25.7128774116532,-5.927140747167439,1.6094379124341005,2.1770218700187,1.1753512784166305,70946
0.6439425090243489,0.0,0.0,0.6931471805599453,0.0,1.1725875085063173,8142
0.1095459332487038,-0.0327824363788615,-1.568582334164878,3.9318256327243257,4.634728988229636,1.1720176176879338,64641
0.5533204950652859,-44.15485186434385,-6.035475342651856,0.6931471805599453,5.876782947024367,1.1715454747223601,56257
0.283520202567658,-33.609265098944185,-3.535234898436156,6.68586094706836,0.5877866649021191,1.1712829240778417,62148
0.9370948897257848,-43.09575003596533,-6.775877215695893,3.258096538021482,2.079441541679836,1.1705999091379327,73401
0.7524320732210015,-10.062347415224275,-1.6617074474481106,3.8918202981106265,2.498151876538021,1.1702323381902553,43367
0.8416502312464047,-25.333011408981186,-5.93069420497074,1.0986122886681098,3.959669658895499,1.1698242731802306,72215
0.910857764014267,-36.990520689645,-3.9383897943468216,3.1780538303479458,2.0980179272527715,1.1682307907062042,55079
0.4099751862530283,-2.0416688879893456,-1.0707150739147602,5.017279836814924,1.8702625307159984,1.1675953776362293,70763
0.5616253135053881,-36.990520689645,-3.9383897943468216,3.044522437723423,2.063058062429312,1.1670585185641094,55236
0.1223467719384174,-0.0327824363788615,-1.568582334164878,3.9318256327243257,4.634728988229636,1.1659704543878424,64929
0.9279877220663836,-52.72238002915269,-5.665566570459428,3.713572066704308,1.55814461804655,1.1647121289992113,76293
0.1258054674459359,9.360961229502774,-1.1725899535374713,1.0986122886681098,3.9889840465642745,1.1642129794917424,46615
0.8681908537165341,-36.990520689645,-3.9383897943468216,3.8918202981106265,2.545531271604435,1.1631290613961993,55032
0.3161273150081314,4.739120184764039,-1.7023518751899898,0.6931471805599453,1.6094379124341005,1.1621443775626792,73798
0.5503537616148719,-35.190491703058406,-6.570637571335191,2.079441541679836,2.8975680247667595,1.1618329788670063,74366
0.5333220875141222,-25.333011408981186,-5.93069420497074,3.610917912644224,3.218875824868201,1.1616013723419056,72161
0.5333198545129534,-25.333011408981186,-5.93069420497074,3.610917912644224,3.218875824868201,1.1616012913225005,72143
0.301757569698502,-2.0416688879893456,-1.0707150739147602,5.017279836814924,1.8687205103641835,1.1611217476808724,70751
0.7945994292576586,-36.990520689645,-3.9383897943468216,3.044522437723423,2.0731719286662407,1.1579196942659358,55007
0.6434798630825753,-40.75116703158868,-4.8525738659882895,3.4735180432417816,3.9672684796541247,1.157709195616252,74121
0.9750476155598804,-53.06481957993024,-7.910662847462516,2.5649493574615367,2.498973906999436,1.1576590415100767,65121
0.6116096091271785,-34.13929180035904,-3.6894437052830544,6.90875477931522,0.8628899551470398,1.157432700502493,47543
0.9968978509788116,-2.23378619740187,0.4399689759124834,1.0986122886681098,0.0582689081239758,1.1571758088996638,44130
0.475605323551342,-39.020332402744245,-4.738681342380153,8.853808274977197,1.0612565021243408,1.1570149125148306,73139
0.2549804060527592,-25.333011408981186,-5.93069420497074,1.791759469228055,3.619529375979143,1.1567944829548578,72255
0.996892108975814,-0.3739360757358962,-4.764316029980913,0.6931471805599453,3.173878458937465,1.155321338759921,61457
0.3142024042021702,-1.664280675885757,0.2763326541955484,1.0986122886681098,0.0295588022415444,1.1552550558078618,68121
0.5750365909141166,-39.020332402744245,-4.738681342380153,10.819798284210286,0.1484200051182732,1.1542743008361556,73372
0.2438701725465506,-6.491200481359508,0.0634930572231506,7.601402334583733,0.0861776962410524,1.1539474226006996,72041
0.5616253135053881,-36.990520689645,-3.9383897943468216,2.3978952727983707,2.224623551524334,1.1533421161605848,55234
0.0849893004154083,1.3471893860871351,-0.0795131241839636,0.6931471805599453,6.266460236627443,1.1526394620824292,49078
0.9663274270027102,-0.3739360757358962,-4.764316029980913,0.6931471805599453,3.173878458937465,1.1525936815396096,61396
0.4781968809056849,-34.13929180035904,-3.6894437052830544,6.2166061010848646,1.1631508098056809,1.151214771080266,47562
0.398086560440035,4.739120184764039,-1.7023518751899898,2.079441541679836,3.981922132807813,1.1509655039973001,73856
0.5308902535432409,-25.333011408981186,-5.93069420497074,4.61512051684126,2.413231613081109,1.1508551998932581,72182
0.5308983242474596,-25.333011408981186,-5.93069420497074,4.61512051684126,2.413231613081109,1.1508543308890433,72240
0.9278158128765384,-35.190491703058406,-6.570637571335191,2.3978952727983707,3.4442568711226023,1.1508264317864167,74333
0.1944682436291032,-2.0416688879893456,-1.0707150739147602,4.795790545596741,1.8562979903656265,1.1500186523556175,70777
0.398086560440035,4.739120184764039,-1.7023518751899898,0.6931471805599453,1.6094379124341005,1.1493243036631535,73853
0.2532765623623305,-34.13929180035904,-3.6894437052830544,4.61512051684126,0.009950330853168,1.1485090131048354,47547
0.1612105622486339,-0.0327824363788615,-1.568582334164878,3.9318256327243257,4.634728988229636,1.1482904385794563,64700
0.4144994699174233,-64.46380226325768,-6.744972086656759,1.3862943611198906,2.7656899805486246,1.1482224641212109,70892
0.6498090815902202,-2.0416688879893456,-1.0707150739147602,5.017279836814924,1.897619859927532,1.1452633396920533,70676
0.4153556982648823,9.360961229502774,-1.1725899535374713,6.311734809152915,3.078233495065734,1.145201216131417,46811
0.2300169842068697,-36.990520689645,-3.9383897943468216,2.4849066497880004,2.2823823856765264,1.1451113092414693,55118
0.4916111569159866,-53.06481957993024,-7.910662847462516,1.0986122886681098,2.583997552432231,1.1431063018248646,65094
0.9143412458347342,-57.87290533736288,-7.375064999303015,6.2166061010848646,2.191653532286764,1.1419406639452503,62290
0.8004317412056281,15.46874900375352,-5.582631450227566,1.791759469228055,5.23393883261183,1.1408721360723095,49499
0.2315175609910724,-43.51449181986202,-4.722266402436673,6.803505257608338,0.8586616190375188,1.1403107541763224,56981
0.2004705507659068,-53.06481957993024,-7.910662847462516,1.0986122886681098,3.888754378488792,1.1401768927923788,65069
0.968295020030972,-35.190491703058406,-6.570637571335191,3.258096538021482,3.7300213974451113,1.1396565709460647,74344
0.9742590471477754,-0.2342298368419514,-1.5192427643272484,8.79497643168877,2.4336133554004498,1.138509119246296,71922
0.6024906703616182,-38.3949497436348,-4.237341895624427,3.9318256327243257,0.924258901523332,1.137443550023649,71768
0.1405642334588677,-16.248282169686192,-1.7472845277539049,0.6931471805599453,4.727387818712341,1.1366756896746233,74281
0.2023692397581626,-2.0416688879893456,-1.0707150739147602,5.198497031265826,1.8687205103641835,1.1366744527793111,70761
0.2635483677303725,-60.24900228008169,-7.3385641662833,1.0986122886681098,2.2512917986064958,1.135701276794955,72298
0.9879609656083944,4.739120184764039,-1.7023518751899898,3.044522437723423,1.5040773967762742,1.1355729462941648,73987
0.5249107549183591,-25.7128774116532,-5.927140747167439,3.5263605246161616,2.360854001118021,1.1351807976150419,70953
0.7616791862535379,15.46874900375352,-5.582631450227566,7.313220387090301,1.000631880307906,1.1348067079046307,49658
0.8874839837991289,26.911774153234024,-10.993496611346034,0.6931471805599453,3.4339872044851463,1.1342410788068382,72012
0.1479166131012164,-34.13929180035904,-3.6894437052830544,7.601402334583733,1.1631508098056809,1.1341993357602436,47678
0.6631056465390088,-57.87290533736288,-7.375064999303015,6.2166061010848646,2.191653532286764,1.1341440918585521,62306
0.3186807199425416,-34.13929180035904,-3.6894437052830544,4.61512051684126,0.009950330853168,1.1338622971620382,47583
0.3188232811170408,-34.13929180035904,-3.6894437052830544,4.61512051684126,0.009950330853168,1.133834285844251,47601
0.316958565642544,-10.062347415224275,-1.6617074474481106,3.9318256327243257,3.108167702883779,1.1337388284821006,43031
0.6604872931706538,-44.15485186434385,-6.035475342651856,4.04305126783455,3.2827891506118534,1.133477732447673,56297
0.7974187527310406,-57.87290533736288,-7.375064999303015,6.2166061010848646,1.1878434223960523,1.1326932343940528,62322
0.9738016009087148,-21.48235635766661,-2.1059691706443666,0.6931471805599453,5.672291807564831,1.131382155906997,64522
0.949714185420632,-2.23378619740187,0.4399689759124834,4.61512051684126,3.970291913552122,1.1308778671884971,43975
0.4479212449836396,-39.020332402744245,-4.738681342380153,9.12706745278236,0.1484200051182732,1.130875015312062,73336
0.3401685073720557,-6.491200481359508,0.0634930572231506,7.601402334583733,0.0861776962410524,1.1301539519226524,72045
0.4399905499390613,-53.06481957993024,-7.910662847462516,1.0986122886681098,4.10280864063423,1.13014567688099,65081
0.3903067843743244,-33.609265098944185,-3.535234898436156,6.398594934535208,0.9360933591703348,1.1299207728829257,62163
0.9453633740468989,-16.248282169686192,-1.7472845277539049,1.791759469228055,4.682316395164745,1.1298059617399612,74308
0.9746667612608492,-38.3949497436348,-4.237341895624427,5.707110264748875,1.1600209167967532,1.1296862721277565,71771
0.6955517914953617,-2.23378619740187,0.4399689759124834,0.6931471805599453,6.516193076042964,1.1292367473377933,45226
0.610702213152976,-2.23378619740187,0.4399689759124834,5.017279836814924,3.740285242173836,1.128032979724414,44106
0.5833635798658037,-40.75116703158868,-4.8525738659882895,0.6931471805599453,4.361823927356363,1.1263746858371941,74085
0.9139105956096714,15.46874900375352,-5.582631450227566,0.6931471805599453,5.673495073717745,1.1258560917660068,49715
0.759769364155467,-64.46380226325768,-6.744972086656759,1.0986122886681098,2.7656899805486246,1.1247222397907644,70838
0.2414703661924093,-21.48235635766661,-2.1059691706443666,1.3862943611198906,1.6467336971777973,1.1246704395612293,64436
0.9742418211387758,1.0,0.1709539308350659,3.4339872044851463,5.017279836814924,1.1237343010559497,39492
0.5632369023476045,-44.15485186434385,-6.035475342651856,4.04305126783455,3.2827891506118534,1.1227524568657072,56377
0.9361822940488622,-38.3949497436348,-4.237341895624427,5.303304908059076,1.1600209167967532,1.1226782202760355,71760
0.8397105188327174,-8.328041897137265,-7.680590232688647,1.3862943611198906,6.008075812913178,1.1225413720022501,63265
0.3600247046489073,3.8022158396961383,0.296637443287444,5.993961427306569,2.9841656371825254,1.1220897190781294,41636
0.222307388177839,-2.0416688879893456,-1.0707150739147602,5.198497031265826,1.851599469584072,1.1212714572860454,70681
0.222307388177839,-2.0416688879893456,-1.0707150739147602,5.198497031265826,1.851599469584072,1.1212714572860454,70683
0.2381285204459615,-2.0416688879893456,-1.0707150739147602,5.198497031265826,1.8687205103641835,1.1210561273502337,70685
0.9603067773563154,-43.631360539825614,-4.876868441765419,0.6931471805599453,5.195619968309694,1.120769139747212,63812
0.663566856980033,-39.020332402744245,-4.738681342380153,5.017279836814924,2.771963526845863,1.1204130757481878,73241
0.4667884779436519,-44.15485186434385,-6.035475342651856,4.04305126783455,3.2827891506118534,1.1203820271044738,56588
0.2161719303714449,-40.75116703158868,-4.8525738659882895,4.0353020215883175,4.86383530936938,1.1197944220821683,74081
0.3179596838657303,0.0,0.0,0.6931471805599453,0.0769610411361284,1.1196387926285782,8432
0.3179596838657303,0.0,0.0,0.6931471805599453,0.0769610411361284,1.1196387926285782,8431
0.8971133228314159,-21.48235635766661,-2.1059691706443666,0.6931471805599453,5.672291807564831,1.119562468979544,64466
0.5608553109029799,-2.166338536005922,-12.403486188401866,2.3978952727983707,1.3862943611198906,1.1194744764690499,65336
0.5443270828653297,-34.13929180035904,-3.6894437052830544,6.68586094706836,0.6626879730752367,1.1194678841996637,47676
0.3316638353275181,-21.48235635766661,-2.1059691706443666,5.484796933490655,0.1655144384775733,1.1194558586657393,64533
0.9139105956096714,15.46874900375352,-5.582631450227566,0.6931471805599453,5.638532589448084,1.1179500339017368,49714
0.293482896774158,-25.387773286315408,-5.858965744923943,0.6931471805599453,5.68697535633982,1.1178156347041817,71649
0.2030793341292565,-44.7587094378665,-7.369163186735821,2.19722457733622,3.970291913552122,1.116921428322448,50881
0.376515832967172,-33.609265098944185,-3.535234898436156,10.59665973278358,0.1484200051182732,1.1162202354396942,62195
0.6682900691483837,9.360961229502774,-1.1725899535374713,6.580639137284949,2.2925347571405443,1.1160782074554252,47086
0.5870623867987987,-6.491200481359508,0.0634930572231506,8.517393171418904,0.1484200051182732,1.1160173669535525,72051
0.9885336666076938,-57.87290533736288,-7.375064999303015,6.2166061010848646,1.289232648276759,1.1155940434109557,62299
0.0075679599550113,-0.0327824363788615,-1.568582334164878,3.4339872044851463,0.0953101798043249,1.1152866971470135,64753
0.0892670926509779,-0.3739360757358962,-4.764316029980913,1.9459101490553128,4.170070272750237,1.112611881184162,61303
0.8971133228314159,-21.48235635766661,-2.1059691706443666,1.6094379124341005,5.672291807564831,1.1112600349462787,64467
0.2828844352354025,-40.75116703158868,-4.8525738659882895,4.262679877041316,4.724108110059605,1.1083693105970118,74023
0.4437419918995644,-36.990520689645,-3.9383897943468216,3.713572066704308,2.4379897300002487,1.1075293058945272,55264
0.2409943860436598,15.170551503297428,-4.434966512500975,1.791759469228055,0.6097655716208942,1.1060572485211453,75554
0.1446410555894104,-2.23378619740187,0.4399689759124834,4.61512051684126,4.032469158504013,1.104872761791471,44699
0.1446410555894104,-2.23378619740187,0.4399689759124834,4.61512051684126,4.032469158504013,1.104872761791471,44441
0.8035550399378621,-6.367931940994884,-0.0328092627819841,3.4339872044851463,2.3978952727983707,1.1035613340856136,68759
0.1956874622662638,0.280820282895155,-1.1625411322328807,0.6931471805599453,7.226936018493289,1.103128739624842,55904
0.4283383351496113,-25.333011408981186,-5.93069420497074,2.3978952727983707,5.666426688112432,1.1030138256303739,72070
0.679104780900154,0.8971627168200691,-1.1882146154612885,8.006700845440367,2.2353763433005955,1.1018337045633453,1527
0.3219292262402078,-36.990520689645,-3.9383897943468216,3.044522437723423,2.1826747963214883,1.100105554187754,55150
0.4308799051778322,-44.7587094378665,-7.369163186735821,2.302585092994046,3.970291913552122,1.0993437665415853,50893
0.2752582258499458,-2.0416688879893456,-1.0707150739147602,5.198497031265826,1.851599469584072,1.0991164766623507,70802
0.2752582258499458,-2.0416688879893456,-1.0707150739147602,5.198497031265826,1.851599469584072,1.0991164766623507,70803
0.7945994292576586,-36.990520689645,-3.9383897943468216,3.4339872044851463,2.2353763433005955,1.098762937427714,55015
0.581957746131117,-0.3739360757358962,-4.764316029980913,2.079441541679836,4.480513581388536,1.0987048491009523,61370
0.0283679511250909,-33.609265098944185,-3.535234898436156,7.824445930877619,1.0612565021243408,1.0971286939423173,62221
0.6489322458319862,-33.99253421261099,-3.638793153595929,4.61512051684126,0.1739533071234379,1.0967516780756115,76326
0.679104780900154,0.8971627168200691,-1.1882146154612885,8.006700845440367,2.1838015570040787,1.0965109034532443,1526
0.8394042786726743,-8.328041897137265,-7.680590232688647,2.3978952727983707,6.125558281588681,1.096076063532643,63264
0.5090329682206232,-6.491200481359508,0.0634930572231506,4.61512051684126,0.6097655716208942,1.0960360399470415,72055
0.0429788924607663,-2.23378619740187,0.4399689759124834,0.6931471805599453,3.8501476017100575,1.0959687978934873,44798
0.301757569698502,-2.0416688879893456,-1.0707150739147602,5.198497031265826,1.8687205103641835,1.0956033384509856,70750
0.4399905499390613,-53.06481957993024,-7.910662847462516,2.3978952727983707,4.146304301152812,1.094431037725673,65073
0.3327553900979652,-64.46380226325768,-6.744972086656759,1.0986122886681098,2.7656899805486246,1.093715666474485,70829
0.9563880198083794,-0.8380783018253768,-0.8610848286128882,2.5649493574615367,4.174694914875759,1.0936791966101111,68359
0.7937744948265504,2.368352273290468,-0.8290460691649341,3.49650756146648,0.4054651081081644,1.0935906999417138,58911
0.9746227073378222,-53.06481957993024,-7.910662847462516,1.9459101490553128,4.450969504910791,1.0935383814004258,65115
0.1365748811740275,-34.13929180035904,-3.6894437052830544,4.110873864173311,0.0582689081239758,1.0932066010306984,47536
0.1370653439303453,-34.13929180035904,-3.6894437052830544,4.110873864173311,0.0582689081239758,1.0931395087401587,47579
0.983949634212074,-2.166338536005922,-12.403486188401866,8.517393171418904,0.1222176327242491,1.0930581588700796,65295
0.7016350927744952,-38.3949497436348,-4.237341895624427,5.303304908059076,1.1600209167967532,1.0926213288927988,71765
0.4916482885353943,-39.020332402744245,-4.738681342380153,9.90353755128617,0.1484200051182732,1.0924570384553827,73347
0.5245893941504107,-44.7587094378665,-7.369163186735821,2.302585092994046,3.970291913552122,1.0913217184662836,50889
0.2414454841794082,-8.328041897137265,-7.680590232688647,2.3978952727983707,5.995954452380834,1.0908666957135493,63329
0.2315175609910724,-43.51449181986202,-4.722266402436673,4.61512051684126,0.8586616190375188,1.0906639057584224,56963
0.2315175609910724,-43.51449181986202,-4.722266402436673,4.61512051684126,0.8586616190375188,1.0906639057584224,56949
0.2315175609910724,-43.51449181986202,-4.722266402436673,4.61512051684126,0.8586616190375188,1.0906639057584224,56980
0.2315175609910724,-43.51449181986202,-4.722266402436673,4.61512051684126,0.8586616190375188,1.0906639057584224,56990
0.8454831458494922,-36.990520689645,-3.9383897943468216,3.258096538021482,2.186051276738094,1.0900636588883044,55036
0.5797432469738197,-21.48235635766661,-2.1059691706443666,5.993961427306569,0.262364264467491,1.0898291929499873,64448
0.2030793341292565,-44.7587094378665,-7.369163186735821,2.079441541679836,3.970291913552122,1.089822628774264,50888
0.2793164821707918,9.360961229502774,-1.1725899535374713,2.3978952727983707,3.610917912644224,1.0896771841716826,47150
0.5497958941233279,-25.333011408981186,-5.93069420497074,0.6931471805599453,5.666426688112432,1.0893812594057903,72163
0.1450674631122552,-42.02342287652491,-3.25095987033482,3.8918202981106265,1.9974177062012453,1.0893313436128742,46595
0.222307388177839,-2.0416688879893456,-1.0707150739147602,5.198497031265826,1.754403682684286,1.0882671972301388,70682
0.9465270866550526,-13.359619327355812,-8.732131177283703,1.0986122886681098,5.049086480470509,1.0875670082660702,57462
0.9197246926481242,-38.3949497436348,-4.237341895624427,3.044522437723423,0.5538851132264376,1.0864787487226175,71797
0.9884845405820144,-25.7128774116532,-5.927140747167439,6.398594934535208,2.174751721484161,1.0854842112959397,70969
0.4850844135051133,0.8963354471395296,-0.819736626016536,1.0986122886681098,7.757320566811742,1.0848405754547725,73451
0.5616253135053881,-36.990520689645,-3.9383897943468216,3.044522437723423,2.145931282948669,1.0848091448687693,55230
